timestamp,machine_id,temperature_c,pressure_bar,vibration_mm_s,energy_kwh,status
2026-08-01 00:00:00,M001,80.1,3.95,0.82,4.67,OK
2026-08-01 04:00:00,M001,86.12,3.58,1.79,3.03,OK
2026-08-01 08:00:00,M001,82.21,3.99,1.26,4.5,OK
2026-08-01 12:00:00,M001,72.98,3.57,1.6,5.22,OK
2026-08-01 16:00:00,M001,108.58,3.72,1.58,4.26,WARNING
2026-08-01 20:00:00,M001,76.3,3.8,1.59,5.59,OK
2026-08-02 00:00:00,M001,78.25,3.37,0.82,3.46,OK
2026-08-02 04:00:00,M001,76.76,4.12,1.26,5.94,OK
2026-08-02 08:00:00,M001,76.95,4.01,0.71,5.57,OK
2026-08-02 12:00:00,M001,79.01,3.66,1.49,5.08,OK
2026-08-02 16:00:00,M001,79.55,3.85,1.94,6.05,OK
2026-08-02 20:00:00,M001,75.45,3.56,7.14,3.4,WARNING
2026-08-03 00:00:00,M001,80.22,4.01,2.2,8.55,OK
2026-08-03 04:00:00,M001,121.51,3.59,1.23,4.32,CRITICAL
2026-08-03 08:00:00,M001,73.47,3.38,1.21,4.99,OK
2026-08-03 12:00:00,M001,76.15,3.5,1.01,4.18,OK
2026-08-03 16:00:00,M001,74.14,4.03,1.55,4.86,OK
2026-08-03 20:00:00,M001,76.37,3.49,0.89,5.26,OK
2026-08-04 00:00:00,M001,80.08,4.12,1.49,4.56,OK
2026-08-04 04:00:00,M001,79.57,3.49,0.85,7.03,OK
2026-08-04 08:00:00,M001,85.96,3.52,1.04,5.82,OK
2026-08-04 12:00:00,M001,80.34,4.15,1.44,5.82,OK
2026-08-04 16:00:00,M001,72.56,3.58,1.27,6.15,OK
2026-08-04 20:00:00,M001,81.09,3.67,1.27,6.25,OK
2026-08-05 00:00:00,M001,75.17,3.74,1.5,5.26,OK
2026-08-05 04:00:00,M001,91.24,5.55,1.06,4.71,OK
2026-08-05 08:00:00,M001,75.0,3.63,0.54,4.86,OK
2026-08-05 12:00:00,M001,76.0,3.58,1.36,2.94,OK
2026-08-05 16:00:00,M001,73.17,4.25,2.56,3.65,OK
2026-08-05 20:00:00,M001,73.72,3.73,1.71,5.57,OK
2026-08-06 00:00:00,M001,77.46,3.73,1.49,4.39,OK
2026-08-06 04:00:00,M001,80.41,3.81,1.4,4.19,OK
2026-08-06 08:00:00,M001,89.12,4.19,1.55,4.14,OK
2026-08-06 12:00:00,M001,84.61,3.86,1.59,2.96,OK
2026-08-06 16:00:00,M001,76.29,3.86,1.42,4.7,OK
2026-08-06 20:00:00,M001,86.01,3.15,1.31,5.26,OK
2026-08-07 00:00:00,M001,80.29,4.23,0.79,6.09,OK
2026-08-07 04:00:00,M001,76.98,4.12,1.63,7.13,OK
2026-08-07 08:00:00,M001,80.84,4.0,1.28,5.13,OK
2026-08-07 12:00:00,M001,82.56,3.75,1.87,5.95,OK
2026-08-07 16:00:00,M001,78.32,3.5,1.19,6.87,OK
2026-08-07 20:00:00,M001,78.81,3.49,1.13,5.43,OK
2026-08-08 00:00:00,M001,80.17,3.81,1.57,6.99,OK
2026-08-08 04:00:00,M001,70.74,4.16,1.55,6.07,OK
2026-08-08 08:00:00,M001,79.81,3.85,1.51,4.02,OK
2026-08-08 12:00:00,M001,83.65,3.53,1.35,6.83,OK
2026-08-08 16:00:00,M001,82.87,3.8,1.93,6.08,OK
2026-08-08 20:00:00,M001,111.71,3.29,2.04,4.5,WARNING
2026-08-09 00:00:00,M001,70.64,3.6,1.58,5.68,OK
2026-08-09 04:00:00,M001,78.92,3.68,1.58,5.89,OK
2026-08-09 08:00:00,M001,82.45,3.85,,4.21,OK
2026-08-09 12:00:00,M001,76.68,3.93,1.29,4.91,OK
2026-08-09 16:00:00,M001,71.24,3.21,1.13,5.95,OK
2026-08-09 20:00:00,M001,85.29,3.78,1.94,5.16,OK
2026-08-10 00:00:00,M001,74.21,3.71,1.72,7.12,OK
2026-08-10 04:00:00,M001,81.02,3.76,0.67,6.17,OK
2026-08-10 08:00:00,M001,75.38,3.9,1.32,5.45,OK
2026-08-10 12:00:00,M001,71.27,4.06,1.27,6.39,OK
2026-08-10 16:00:00,M001,88.4,4.31,1.43,5.24,OK
2026-08-10 20:00:00,M001,78.52,3.87,1.07,3.14,OK
2026-08-11 00:00:00,M001,77.18,4.28,1.84,3.9,OK
2026-08-11 04:00:00,M001,79.58,3.95,1.26,6.33,OK
2026-08-11 08:00:00,M001,79.77,4.15,1.44,5.75,OK
2026-08-11 12:00:00,M001,80.8,3.58,1.67,6.35,OK
2026-08-11 16:00:00,M001,77.11,4.03,0.67,4.65,OK
2026-08-11 20:00:00,M001,83.13,3.62,0.8,1.49,OK
2026-08-12 00:00:00,M001,75.85,3.91,4.8,4.69,OK
2026-08-12 04:00:00,M001,81.99,3.62,1.76,7.01,OK
2026-08-12 08:00:00,M001,77.69,4.15,1.22,6.8,OK
2026-08-12 12:00:00,M001,76.84,3.56,1.22,5.59,OK
2026-08-12 16:00:00,M001,84.39,3.2,1.09,3.03,OK
2026-08-12 20:00:00,M001,77.38,3.76,1.48,3.84,OK
2026-08-13 00:00:00,M001,81.43,3.87,2.21,4.95,OK
2026-08-13 04:00:00,M001,72.43,3.57,1.37,5.45,OK
2026-08-13 08:00:00,M001,82.35,5.18,1.14,5.71,OK
2026-08-13 12:00:00,M001,74.15,3.84,0.82,6.65,OK
2026-08-13 16:00:00,M001,66.6,3.51,1.28,3.76,OK
2026-08-13 20:00:00,M001,74.46,3.85,2.04,3.58,OK
2026-08-14 00:00:00,M001,76.53,3.38,0.89,4.54,OK
2026-08-14 04:00:00,M001,69.78,3.92,1.17,6.58,OK
2026-08-14 08:00:00,M001,82.46,3.91,0.73,5.7,OK
2026-08-14 12:00:00,M001,80.88,3.59,0.89,5.91,OK
2026-08-14 16:00:00,M001,109.47,3.8,1.51,4.31,WARNING
2026-08-14 20:00:00,M001,73.45,3.19,2.04,8.11,OK
2026-08-15 00:00:00,M001,77.22,3.75,0.95,5.75,OK
2026-08-15 04:00:00,M001,88.91,3.84,1.26,4.88,OK
2026-08-15 08:00:00,M001,70.0,3.84,1.24,7.27,OK
2026-08-15 12:00:00,M001,81.59,3.88,1.05,5.26,OK
2026-08-15 16:00:00,M001,78.56,3.57,1.26,4.95,OK
2026-08-15 20:00:00,M001,76.04,3.15,1.71,5.38,OK
2026-08-16 00:00:00,M001,80.4,4.39,1.57,5.52,OK
2026-08-16 04:00:00,M001,84.91,3.67,1.23,4.48,OK
2026-08-16 08:00:00,M001,76.53,3.87,1.3,6.19,OK
2026-08-16 12:00:00,M001,67.05,3.55,1.03,4.81,OK
2026-08-16 16:00:00,M001,78.37,4.06,1.01,3.96,OK
2026-08-16 20:00:00,M001,78.58,3.97,0.99,5.04,OK
2026-08-17 00:00:00,M001,82.08,3.71,0.99,4.94,OK
2026-08-17 04:00:00,M001,74.04,4.16,1.51,5.97,OK
2026-08-17 08:00:00,M001,107.71,3.93,1.32,5.39,WARNING
2026-08-17 12:00:00,M001,67.41,4.05,7.51,3.83,WARNING
2026-08-17 16:00:00,M001,81.23,3.7,1.04,5.07,OK
2026-08-17 20:00:00,M001,87.58,4.08,1.03,6.08,OK
2026-08-18 00:00:00,M001,81.83,3.98,5.57,5.46,OK
2026-08-18 04:00:00,M001,87.06,4.23,1.94,5.36,OK
2026-08-18 08:00:00,M001,98.51,3.89,1.42,3.49,OK
2026-08-18 12:00:00,M001,78.71,3.86,1.42,4.81,OK
2026-08-18 16:00:00,M001,109.31,3.92,1.56,2.91,WARNING
2026-08-18 20:00:00,M001,78.84,3.58,0.97,5.47,OK
2026-08-19 00:00:00,M001,118.91,3.48,1.27,5.31,CRITICAL
2026-08-19 04:00:00,M001,75.51,3.87,1.24,5.34,OK
2026-08-19 08:00:00,M001,85.84,3.51,0.55,2.82,OK
2026-08-19 12:00:00,M001,84.72,3.13,1.56,6.93,OK
2026-08-19 16:00:00,M001,118.76,3.71,1.97,7.26,CRITICAL
2026-08-19 20:00:00,M001,78.18,3.83,1.55,8.87,OK
2026-08-20 00:00:00,M001,76.84,3.67,1.76,5.09,OK
2026-08-20 04:00:00,M001,80.77,3.31,1.67,3.87,OK
2026-08-20 08:00:00,M001,75.18,4.0,0.86,4.56,OK
2026-08-20 12:00:00,M001,73.61,3.98,1.43,2.78,OK
2026-08-20 16:00:00,M001,78.13,3.79,1.49,6.19,OK
2026-08-20 20:00:00,M001,80.09,4.11,1.23,2.05,OK
2026-08-21 00:00:00,M001,76.61,3.81,1.28,6.31,OK
2026-08-21 04:00:00,M001,70.97,3.89,1.44,4.87,OK
2026-08-21 08:00:00,M001,77.52,3.48,1.43,3.76,OK
2026-08-21 12:00:00,M001,75.54,4.04,1.86,6.78,OK
2026-08-21 16:00:00,M001,77.06,3.58,1.45,4.37,OK
2026-08-21 20:00:00,M001,80.72,3.74,1.43,5.06,OK
2026-08-22 00:00:00,M001,107.58,3.94,0.94,4.95,WARNING
2026-08-22 04:00:00,M001,81.1,4.1,1.52,4.62,OK
2026-08-22 08:00:00,M001,60.41,3.36,1.58,5.62,OK
2026-08-22 12:00:00,M001,76.23,4.36,1.4,5.54,OK
2026-08-22 16:00:00,M001,78.1,3.79,0.85,4.74,OK
2026-08-22 20:00:00,M001,77.24,3.77,1.49,5.79,OK
2026-08-23 00:00:00,M001,76.59,3.44,1.58,5.61,OK
2026-08-23 04:00:00,M001,80.52,3.95,0.84,5.45,OK
2026-08-23 08:00:00,M001,76.24,4.01,1.99,7.2,OK
2026-08-23 12:00:00,M001,82.48,3.83,1.45,6.04,OK
2026-08-23 16:00:00,M001,81.82,5.26,1.54,5.86,OK
2026-08-23 20:00:00,M001,85.86,3.67,0.74,3.8,OK
2026-08-24 00:00:00,M001,76.97,3.95,1.54,5.43,OK
2026-08-24 04:00:00,M001,76.83,3.25,1.41,5.05,OK
2026-08-24 08:00:00,M001,76.15,3.92,1.19,5.05,OK
2026-08-24 12:00:00,M001,82.04,3.56,1.79,5.89,OK
2026-08-24 16:00:00,M001,75.96,3.93,1.02,5.58,OK
2026-08-24 20:00:00,M001,90.88,3.45,1.99,5.23,OK
2026-08-25 00:00:00,M001,77.88,4.16,5.56,6.41,OK
2026-08-25 04:00:00,M001,85.88,3.78,1.32,3.71,OK
2026-08-25 08:00:00,M001,79.78,4.13,2.52,4.35,OK
2026-08-25 12:00:00,M001,80.81,3.81,1.44,4.56,OK
2026-08-25 16:00:00,M001,77.27,3.65,1.4,6.01,OK
2026-08-25 20:00:00,M001,78.31,4.19,1.6,6.22,OK
2026-08-26 00:00:00,M001,81.64,3.93,0.96,5.89,OK
2026-08-26 04:00:00,M001,82.85,4.17,1.29,3.67,OK
2026-08-26 08:00:00,M001,84.32,3.71,6.13,3.87,WARNING
2026-08-26 12:00:00,M001,77.73,3.73,2.11,4.93,OK
2026-08-26 16:00:00,M001,77.33,3.62,1.95,4.85,OK
2026-08-26 20:00:00,M001,78.21,3.8,2.09,2.27,OK
2026-08-27 00:00:00,M001,82.1,3.91,1.25,6.27,OK
2026-08-27 04:00:00,M001,80.01,3.66,1.68,5.18,OK
2026-08-27 08:00:00,M001,71.56,3.5,1.25,4.75,OK
2026-08-27 12:00:00,M001,90.94,4.25,1.24,4.62,OK
2026-08-27 16:00:00,M001,73.66,3.77,0.76,4.14,OK
2026-08-27 20:00:00,M001,101.29,4.01,1.08,5.81,WARNING
2026-08-28 00:00:00,M001,81.71,3.76,2.01,6.26,OK
2026-08-28 04:00:00,M001,88.45,3.49,1.03,6.83,OK
2026-08-28 08:00:00,M001,80.75,3.77,1.14,4.24,OK
2026-08-28 12:00:00,M001,80.14,4.02,1.2,4.83,OK
2026-08-28 16:00:00,M001,69.6,3.23,0.92,6.64,OK
2026-08-28 20:00:00,M001,82.56,3.57,1.61,5.93,OK
2026-08-29 00:00:00,M001,75.9,3.51,0.93,5.16,OK
2026-08-29 04:00:00,M001,81.5,3.95,2.02,6.58,OK
2026-08-29 08:00:00,M001,83.87,3.81,1.23,2.88,OK
2026-08-29 12:00:00,M001,86.23,3.6,1.52,4.18,OK
2026-08-29 16:00:00,M001,87.35,3.68,1.8,5.17,OK
2026-08-29 20:00:00,M001,78.07,3.59,1.66,5.83,OK
2026-08-30 00:00:00,M001,76.78,3.89,1.15,5.08,OK
2026-08-30 04:00:00,M001,77.56,4.09,6.0,2.63,OK
2026-08-30 08:00:00,M001,78.53,4.3,1.73,5.26,OK
2026-08-30 12:00:00,M001,79.94,4.01,0.77,4.26,OK
2026-08-30 16:00:00,M001,68.23,3.95,1.7,4.75,OK
2026-08-30 20:00:00,M001,64.76,3.71,0.93,6.02,OK
2026-08-31 00:00:00,M001,87.83,3.74,1.55,3.27,OK
2026-08-31 04:00:00,M001,78.54,3.4,1.49,6.21,OK
2026-08-31 08:00:00,M001,82.36,3.33,0.97,6.1,OK
2026-08-31 12:00:00,M001,80.99,3.96,2.48,4.79,OK
2026-08-31 16:00:00,M001,76.02,3.54,2.32,5.44,OK
2026-08-31 20:00:00,M001,77.39,3.94,0.88,5.47,OK
2026-09-01 00:00:00,M001,76.11,3.69,1.3,4.6,OK
2026-09-01 04:00:00,M001,76.75,3.89,0.95,6.65,OK
2026-09-01 08:00:00,M001,82.8,3.9,0.76,5.02,OK
2026-09-01 12:00:00,M001,80.11,4.16,1.89,1.61,OK
2026-09-01 16:00:00,M001,79.12,4.11,0.97,5.46,OK
2026-09-01 20:00:00,M001,75.94,3.91,0.65,7.29,OK
2026-09-02 00:00:00,M001,71.6,4.09,1.27,4.81,OK
2026-09-02 04:00:00,M001,79.93,3.96,1.4,5.67,OK
2026-09-02 08:00:00,M001,84.95,4.14,1.06,7.73,OK
2026-09-02 12:00:00,M001,77.56,3.74,1.56,6.73,OK
2026-09-02 16:00:00,M001,83.26,3.96,1.7,4.73,OK
2026-09-02 20:00:00,M001,79.83,3.77,1.22,1.5,OK
2026-09-03 00:00:00,M001,80.45,3.45,1.98,4.88,OK
2026-09-03 04:00:00,M001,77.12,3.65,1.27,5.66,OK
2026-09-03 08:00:00,M001,78.08,4.37,1.44,7.19,OK
2026-09-03 12:00:00,M001,74.38,3.91,1.8,5.1,OK
2026-09-03 16:00:00,M001,69.81,3.82,1.85,5.04,OK
2026-09-03 20:00:00,M001,89.13,3.43,1.24,7.1,OK
2026-09-04 00:00:00,M001,80.3,3.99,1.08,6.11,OK
2026-09-04 04:00:00,M001,75.57,3.79,1.15,3.77,OK
2026-09-04 08:00:00,M001,72.9,3.97,0.93,4.37,OK
2026-09-04 12:00:00,M001,77.59,3.92,0.56,5.0,OK
2026-09-04 16:00:00,M001,81.39,4.02,0.6,3.03,OK
2026-09-04 20:00:00,M001,77.07,3.31,0.89,1.75,OK
2026-08-01 00:00:00,M002,77.31,3.85,1.16,9.52,OK
2026-08-01 04:00:00,M002,77.96,3.29,0.66,10.16,OK
2026-08-01 08:00:00,M002,73.69,4.05,0.94,6.2,OK
2026-08-01 12:00:00,M002,66.38,3.53,0.8,7.9,OK
2026-08-01 16:00:00,M002,78.08,3.92,0.97,7.87,OK
2026-08-01 20:00:00,M002,69.52,3.55,0.57,8.53,OK
2026-08-02 00:00:00,M002,73.12,3.8,5.95,6.6,OK
2026-08-02 04:00:00,M002,75.95,4.01,0.97,9.0,OK
2026-08-02 08:00:00,M002,62.5,3.95,0.64,7.79,OK
2026-08-02 12:00:00,M002,70.57,3.81,1.21,8.73,OK
2026-08-02 16:00:00,M002,73.94,4.0,1.54,6.63,OK
2026-08-02 20:00:00,M002,75.19,3.66,0.88,8.69,OK
2026-08-03 00:00:00,M002,70.83,3.85,2.2,6.21,OK
2026-08-03 04:00:00,M002,74.45,3.9,1.5,8.57,OK
2026-08-03 08:00:00,M002,76.09,3.98,0.54,7.34,OK
2026-08-03 12:00:00,M002,79.64,3.27,1.42,8.35,OK
2026-08-03 16:00:00,M002,62.15,3.88,0.43,8.4,OK
2026-08-03 20:00:00,M002,70.75,3.59,1.54,8.98,OK
2026-08-04 00:00:00,M002,76.16,3.27,1.33,8.49,OK
2026-08-04 04:00:00,M002,83.21,4.01,0.75,8.61,OK
2026-08-04 08:00:00,M002,73.77,3.31,1.09,8.88,OK
2026-08-04 12:00:00,M002,76.04,3.53,0.92,6.54,OK
2026-08-04 16:00:00,M002,71.02,3.87,0.82,8.64,OK
2026-08-04 20:00:00,M002,66.36,3.37,0.82,6.84,OK
2026-08-05 00:00:00,M002,65.53,3.76,0.58,7.75,OK
2026-08-05 04:00:00,M002,83.73,3.6,1.14,9.57,OK
2026-08-05 08:00:00,M002,77.42,3.69,0.63,8.49,OK
2026-08-05 12:00:00,M002,67.53,3.98,0.47,7.55,OK
2026-08-05 16:00:00,M002,69.52,3.58,1.06,8.39,OK
2026-08-05 20:00:00,M002,67.01,3.58,1.4,6.7,OK
2026-08-06 00:00:00,M002,72.28,4.08,1.23,6.77,OK
2026-08-06 04:00:00,M002,75.79,3.59,1.39,7.41,OK
2026-08-06 08:00:00,M002,79.71,3.87,1.72,11.06,OK
2026-08-06 12:00:00,M002,70.33,3.56,0.61,7.08,OK
2026-08-06 16:00:00,M002,69.63,4.42,0.85,8.43,OK
2026-08-06 20:00:00,M002,75.7,3.38,1.12,6.99,OK
2026-08-07 00:00:00,M002,62.04,3.47,1.31,9.8,OK
2026-08-07 04:00:00,M002,79.3,3.3,1.03,8.67,OK
2026-08-07 08:00:00,M002,72.58,3.68,0.81,7.81,OK
2026-08-07 12:00:00,M002,72.17,3.74,0.26,8.91,OK
2026-08-07 16:00:00,M002,64.45,3.22,1.14,8.33,OK
2026-08-07 20:00:00,M002,78.88,3.83,0.93,5.81,OK
2026-08-08 00:00:00,M002,69.82,3.88,1.38,10.21,OK
2026-08-08 04:00:00,M002,74.51,3.43,1.2,9.03,OK
2026-08-08 08:00:00,M002,81.61,,0.8,8.35,OK
2026-08-08 12:00:00,M002,64.03,3.72,0.58,7.88,OK
2026-08-08 16:00:00,M002,114.7,3.88,1.22,7.51,WARNING
2026-08-08 20:00:00,M002,77.5,3.44,5.54,9.57,OK
2026-08-09 00:00:00,M002,72.36,3.77,1.38,7.67,OK
2026-08-09 04:00:00,M002,65.08,3.9,1.76,10.05,OK
2026-08-09 08:00:00,M002,71.93,3.74,0.23,8.66,OK
2026-08-09 12:00:00,M002,76.93,3.97,0.72,6.98,OK
2026-08-09 16:00:00,M002,66.46,3.83,0.85,7.05,OK
2026-08-09 20:00:00,M002,73.57,3.87,0.57,8.38,OK
2026-08-10 00:00:00,M002,70.32,3.84,1.25,4.84,OK
2026-08-10 04:00:00,M002,79.35,3.63,0.45,7.03,OK
2026-08-10 08:00:00,M002,73.94,3.42,0.8,7.12,OK
2026-08-10 12:00:00,M002,72.2,3.5,1.55,6.72,OK
2026-08-10 16:00:00,M002,70.83,3.51,0.52,8.45,OK
2026-08-10 20:00:00,M002,65.2,3.53,0.67,7.29,OK
2026-08-11 00:00:00,M002,65.34,3.55,1.12,7.11,OK
2026-08-11 04:00:00,M002,71.29,3.75,0.78,8.02,OK
2026-08-11 08:00:00,M002,75.41,3.69,0.86,9.3,OK
2026-08-11 12:00:00,M002,112.67,3.38,1.34,6.07,WARNING
2026-08-11 16:00:00,M002,106.72,3.72,0.93,7.4,WARNING
2026-08-11 20:00:00,M002,67.42,3.81,1.25,8.62,OK
2026-08-12 00:00:00,M002,75.74,3.69,0.82,11.0,OK
2026-08-12 04:00:00,M002,75.48,3.36,1.48,8.23,OK
2026-08-12 08:00:00,M002,67.9,4.16,1.3,8.33,OK
2026-08-12 12:00:00,M002,70.92,3.86,1.22,8.36,OK
2026-08-12 16:00:00,M002,67.55,3.35,1.26,5.22,OK
2026-08-12 20:00:00,M002,71.75,3.88,0.87,8.48,OK
2026-08-13 00:00:00,M002,69.25,3.79,1.4,9.13,OK
2026-08-13 04:00:00,M002,69.25,3.88,1.23,8.46,OK
2026-08-13 08:00:00,M002,80.01,4.43,1.18,9.04,OK
2026-08-13 12:00:00,M002,68.75,3.35,1.72,8.67,OK
2026-08-13 16:00:00,M002,79.04,3.71,1.24,8.11,OK
2026-08-13 20:00:00,M002,72.91,3.73,0.52,8.3,OK
2026-08-14 00:00:00,M002,76.25,3.81,0.57,8.53,OK
2026-08-14 04:00:00,M002,71.88,3.56,1.22,8.57,OK
2026-08-14 08:00:00,M002,74.69,3.91,1.38,7.37,OK
2026-08-14 12:00:00,M002,65.65,3.54,1.34,8.0,OK
2026-08-14 16:00:00,M002,70.23,3.77,1.19,8.94,OK
2026-08-14 20:00:00,M002,72.92,3.73,1.07,8.6,OK
2026-08-15 00:00:00,M002,70.17,3.73,1.02,8.57,OK
2026-08-15 04:00:00,M002,79.56,3.74,1.97,7.89,OK
2026-08-15 08:00:00,M002,75.46,3.93,1.16,9.85,OK
2026-08-15 12:00:00,M002,76.19,3.53,0.75,7.21,OK
2026-08-15 16:00:00,M002,73.9,3.9,0.69,7.05,OK
2026-08-15 20:00:00,M002,70.17,3.88,0.73,7.71,OK
2026-08-16 00:00:00,M002,80.72,3.87,1.27,9.84,OK
2026-08-16 04:00:00,M002,71.14,3.5,0.6,7.98,OK
2026-08-16 08:00:00,M002,76.62,3.84,1.27,7.89,OK
2026-08-16 12:00:00,M002,69.21,3.28,1.04,8.19,OK
2026-08-16 16:00:00,M002,77.85,3.48,0.63,8.38,OK
2026-08-16 20:00:00,M002,74.29,3.66,0.71,7.69,OK
2026-08-17 00:00:00,M002,79.62,3.64,0.85,8.87,OK
2026-08-17 04:00:00,M002,79.12,4.04,1.74,7.3,OK
2026-08-17 08:00:00,M002,70.97,3.34,1.07,7.42,OK
2026-08-17 12:00:00,M002,75.39,3.75,1.26,10.96,OK
2026-08-17 16:00:00,M002,67.78,4.11,0.66,7.09,OK
2026-08-17 20:00:00,M002,72.69,4.02,0.71,6.67,OK
2026-08-18 00:00:00,M002,66.31,3.53,1.01,9.74,OK
2026-08-18 04:00:00,M002,62.31,3.97,0.56,8.74,OK
2026-08-18 08:00:00,M002,62.33,3.52,1.09,8.11,OK
2026-08-18 12:00:00,M002,73.15,3.25,0.85,8.84,OK
2026-08-18 16:00:00,M002,74.85,2.95,0.52,10.6,OK
2026-08-18 20:00:00,M002,74.29,3.99,1.14,8.89,OK
2026-08-19 00:00:00,M002,79.07,3.32,1.21,9.71,OK
2026-08-19 04:00:00,M002,104.98,4.36,0.73,7.73,WARNING
2026-08-19 08:00:00,M002,72.05,3.81,0.83,10.66,OK
2026-08-19 12:00:00,M002,78.35,3.78,1.58,8.41,OK
2026-08-19 16:00:00,M002,76.24,4.27,0.92,8.84,OK
2026-08-19 20:00:00,M002,,3.84,0.14,10.1,OK
2026-08-20 00:00:00,M002,66.46,3.78,1.02,7.75,OK
2026-08-20 04:00:00,M002,79.47,3.92,6.61,8.11,WARNING
2026-08-20 08:00:00,M002,73.34,3.54,1.63,9.24,OK
2026-08-20 12:00:00,M002,75.21,3.42,0.16,8.52,OK
2026-08-20 16:00:00,M002,82.07,3.46,0.89,8.92,OK
2026-08-20 20:00:00,M002,72.28,3.49,1.35,7.02,OK
2026-08-21 00:00:00,M002,72.45,3.1,1.23,7.5,OK
2026-08-21 04:00:00,M002,78.17,3.33,0.82,9.16,OK
2026-08-21 08:00:00,M002,79.83,3.7,0.25,9.19,OK
2026-08-21 12:00:00,M002,68.42,3.6,0.96,7.57,OK
2026-08-21 16:00:00,M002,75.62,3.54,0.69,6.36,OK
2026-08-21 20:00:00,M002,71.54,3.49,1.66,6.3,OK
2026-08-22 00:00:00,M002,70.49,3.56,1.28,5.55,OK
2026-08-22 04:00:00,M002,72.04,3.74,1.49,10.87,OK
2026-08-22 08:00:00,M002,66.61,3.97,0.62,8.46,OK
2026-08-22 12:00:00,M002,65.84,3.47,1.14,9.54,OK
2026-08-22 16:00:00,M002,108.02,3.9,1.36,11.46,WARNING
2026-08-22 20:00:00,M002,71.54,3.61,1.25,7.35,OK
2026-08-23 00:00:00,M002,71.2,3.25,0.26,6.83,OK
2026-08-23 04:00:00,M002,70.7,3.52,0.86,9.93,OK
2026-08-23 08:00:00,M002,72.05,3.8,1.27,7.25,OK
2026-08-23 12:00:00,M002,78.03,5.25,1.76,7.28,OK
2026-08-23 16:00:00,M002,74.75,3.93,1.58,8.34,OK
2026-08-23 20:00:00,M002,70.41,3.99,1.92,8.19,OK
2026-08-24 00:00:00,M002,76.98,,1.44,8.92,OK
2026-08-24 04:00:00,M002,76.01,3.94,0.91,7.62,OK
2026-08-24 08:00:00,M002,74.84,3.57,1.04,10.06,OK
2026-08-24 12:00:00,M002,83.13,3.66,4.92,10.61,OK
2026-08-24 16:00:00,M002,71.51,4.0,1.25,8.63,OK
2026-08-24 20:00:00,M002,69.87,3.5,0.38,9.08,OK
2026-08-25 00:00:00,M002,72.62,3.91,1.01,7.76,OK
2026-08-25 04:00:00,M002,76.72,3.29,0.99,7.82,OK
2026-08-25 08:00:00,M002,63.72,3.92,1.61,10.13,OK
2026-08-25 12:00:00,M002,82.63,4.0,0.65,8.58,OK
2026-08-25 16:00:00,M002,85.58,3.87,1.62,8.56,OK
2026-08-25 20:00:00,M002,69.4,4.03,1.58,7.15,OK
2026-08-26 00:00:00,M002,76.52,3.96,1.06,10.03,OK
2026-08-26 04:00:00,M002,85.01,3.83,1.32,6.41,OK
2026-08-26 08:00:00,M002,64.65,3.97,0.81,10.03,OK
2026-08-26 12:00:00,M002,69.73,3.47,0.95,9.33,OK
2026-08-26 16:00:00,M002,71.2,3.62,0.29,7.53,OK
2026-08-26 20:00:00,M002,82.51,3.54,0.76,10.19,OK
2026-08-27 00:00:00,M002,80.98,4.08,0.7,8.29,OK
2026-08-27 04:00:00,M002,74.25,4.0,1.51,7.95,OK
2026-08-27 08:00:00,M002,77.16,3.69,0.64,7.19,OK
2026-08-27 12:00:00,M002,71.65,3.79,1.99,7.07,OK
2026-08-27 16:00:00,M002,70.08,3.71,0.8,8.66,OK
2026-08-27 20:00:00,M002,69.18,3.54,0.89,6.63,OK
2026-08-28 00:00:00,M002,72.86,3.71,0.77,9.17,OK
2026-08-28 04:00:00,M002,73.02,3.8,1.66,8.95,OK
2026-08-28 08:00:00,M002,73.11,3.96,0.76,6.56,OK
2026-08-28 12:00:00,M002,80.65,3.24,0.52,7.1,OK
2026-08-28 16:00:00,M002,78.99,3.84,1.09,8.81,OK
2026-08-28 20:00:00,M002,78.4,4.01,1.12,8.13,OK
2026-08-29 00:00:00,M002,73.65,3.7,1.31,8.25,OK
2026-08-29 04:00:00,M002,74.79,3.75,1.45,7.04,OK
2026-08-29 08:00:00,M002,75.12,3.57,0.88,7.25,OK
2026-08-29 12:00:00,M002,68.37,3.39,1.72,7.79,OK
2026-08-29 16:00:00,M002,73.04,4.33,1.59,7.32,OK
2026-08-29 20:00:00,M002,79.32,4.0,1.45,7.78,OK
2026-08-30 00:00:00,M002,76.18,3.62,0.38,8.48,OK
2026-08-30 04:00:00,M002,75.88,3.9,1.38,7.51,OK
2026-08-30 08:00:00,M002,71.51,3.54,0.3,10.44,OK
2026-08-30 12:00:00,M002,77.1,3.65,0.97,7.83,OK
2026-08-30 16:00:00,M002,76.55,3.46,1.63,7.55,OK
2026-08-30 20:00:00,M002,74.69,3.72,1.01,7.65,OK
2026-08-31 00:00:00,M002,70.29,3.58,1.47,9.15,OK
2026-08-31 04:00:00,M002,71.0,3.65,1.42,9.39,OK
2026-08-31 08:00:00,M002,82.85,3.23,1.14,6.69,OK
2026-08-31 12:00:00,M002,71.55,3.72,0.82,6.59,OK
2026-08-31 16:00:00,M002,66.51,3.79,1.3,7.1,OK
2026-08-31 20:00:00,M002,83.84,3.3,2.03,7.24,OK
2026-09-01 00:00:00,M002,76.68,3.69,1.25,8.62,OK
2026-09-01 04:00:00,M002,79.7,3.86,1.32,7.54,OK
2026-09-01 08:00:00,M002,78.15,3.96,0.97,10.06,OK
2026-09-01 12:00:00,M002,82.1,3.7,1.08,7.93,OK
2026-09-01 16:00:00,M002,70.3,4.48,0.6,6.83,OK
2026-09-01 20:00:00,M002,77.08,3.25,6.73,7.05,WARNING
2026-09-02 00:00:00,M002,71.53,3.51,1.19,8.71,OK
2026-09-02 04:00:00,M002,74.21,3.79,1.24,8.51,OK
2026-09-02 08:00:00,M002,76.33,3.69,0.77,7.55,OK
2026-09-02 12:00:00,M002,69.9,3.92,0.81,6.65,OK
2026-09-02 16:00:00,M002,74.42,4.0,1.04,6.9,OK
2026-09-02 20:00:00,M002,74.21,3.15,1.17,10.67,OK
2026-09-03 00:00:00,M002,78.78,3.53,1.12,6.81,OK
2026-09-03 04:00:00,M002,78.22,3.78,0.49,7.97,OK
2026-09-03 08:00:00,M002,79.5,3.52,0.0,6.22,OK
2026-09-03 12:00:00,M002,82.43,4.03,1.04,7.99,OK
2026-09-03 16:00:00,M002,76.33,3.9,1.5,6.94,OK
2026-09-03 20:00:00,M002,61.64,3.18,0.62,8.98,OK
2026-09-04 00:00:00,M002,67.87,3.71,1.15,7.46,OK
2026-09-04 04:00:00,M002,70.81,4.22,1.02,9.57,OK
2026-09-04 08:00:00,M002,74.81,3.79,0.72,8.19,OK
2026-09-04 12:00:00,M002,81.94,3.66,1.14,6.75,OK
2026-09-04 16:00:00,M002,82.15,3.77,1.59,9.11,OK
2026-09-04 20:00:00,M002,71.79,3.52,6.46,11.14,WARNING
2026-08-01 00:00:00,M003,69.6,5.08,2.71,8.25,OK
2026-08-01 04:00:00,M003,80.06,5.06,2.59,6.61,OK
2026-08-01 08:00:00,M003,76.81,4.31,2.32,9.16,OK
2026-08-01 12:00:00,M003,79.54,5.0,2.27,6.35,OK
2026-08-01 16:00:00,M003,73.32,4.91,3.25,7.95,OK
2026-08-01 20:00:00,M003,79.11,5.13,2.77,6.29,OK
2026-08-02 00:00:00,M003,81.9,4.95,3.17,9.07,OK
2026-08-02 04:00:00,M003,79.09,4.7,2.36,6.83,OK
2026-08-02 08:00:00,M003,85.36,4.87,3.8,7.57,OK
2026-08-02 12:00:00,M003,81.65,5.34,2.48,8.39,OK
2026-08-02 16:00:00,M003,85.81,4.6,2.81,5.29,OK
2026-08-02 20:00:00,M003,73.93,4.87,2.6,6.8,OK
2026-08-03 00:00:00,M003,80.24,5.06,3.31,6.56,OK
2026-08-03 04:00:00,M003,73.8,5.15,2.55,9.78,OK
2026-08-03 08:00:00,M003,83.38,5.08,2.79,7.42,OK
2026-08-03 12:00:00,M003,75.41,4.88,3.3,9.3,OK
2026-08-03 16:00:00,M003,76.14,4.78,2.48,5.86,OK
2026-08-03 20:00:00,M003,82.2,4.88,3.04,7.31,OK
2026-08-04 00:00:00,M003,82.81,4.65,2.83,6.61,OK
2026-08-04 04:00:00,M003,84.8,6.38,3.6,7.14,WARNING
2026-08-04 08:00:00,M003,77.48,4.91,3.15,7.23,OK
2026-08-04 12:00:00,M003,74.93,4.92,2.76,6.63,OK
2026-08-04 16:00:00,M003,72.19,4.64,2.79,8.02,OK
2026-08-04 20:00:00,M003,81.17,4.6,2.57,6.26,OK
2026-08-05 00:00:00,M003,84.35,4.83,3.12,5.25,OK
2026-08-05 04:00:00,M003,81.37,4.57,2.21,6.51,OK
2026-08-05 08:00:00,M003,74.57,4.64,2.67,5.73,OK
2026-08-05 12:00:00,M003,73.57,4.79,3.24,5.8,OK
2026-08-05 16:00:00,M003,76.6,5.11,2.69,8.69,OK
2026-08-05 20:00:00,M003,81.07,5.07,2.59,7.41,OK
2026-08-06 00:00:00,M003,84.56,4.93,2.29,8.81,OK
2026-08-06 04:00:00,M003,79.9,4.4,2.08,7.67,OK
2026-08-06 08:00:00,M003,82.55,4.45,2.63,9.17,OK
2026-08-06 12:00:00,M003,82.2,5.09,3.11,8.45,OK
2026-08-06 16:00:00,M003,80.77,4.88,3.01,7.77,OK
2026-08-06 20:00:00,M003,80.4,5.1,2.8,5.68,OK
2026-08-07 00:00:00,M003,76.23,5.23,2.46,6.96,OK
2026-08-07 04:00:00,M003,87.53,4.69,2.97,4.06,OK
2026-08-07 08:00:00,M003,84.88,4.74,2.74,6.91,OK
2026-08-07 12:00:00,M003,68.92,4.63,2.65,9.45,OK
2026-08-07 16:00:00,M003,75.77,5.07,2.27,8.65,OK
2026-08-07 20:00:00,M003,80.86,4.69,3.04,6.66,OK
2026-08-08 00:00:00,M003,77.26,4.85,3.03,9.84,OK
2026-08-08 04:00:00,M003,82.05,4.94,3.1,6.15,OK
2026-08-08 08:00:00,M003,118.41,4.85,3.25,8.4,CRITICAL
2026-08-08 12:00:00,M003,71.44,4.74,2.88,8.3,OK
2026-08-08 16:00:00,M003,79.79,4.65,2.71,7.39,OK
2026-08-08 20:00:00,M003,79.75,4.75,2.71,7.95,OK
2026-08-09 00:00:00,M003,83.29,5.24,3.13,5.6,OK
2026-08-09 04:00:00,M003,82.17,4.59,2.84,7.87,OK
2026-08-09 08:00:00,M003,65.95,4.66,7.59,6.14,WARNING
2026-08-09 12:00:00,M003,74.83,4.94,2.3,7.4,OK
2026-08-09 16:00:00,M003,103.9,4.43,2.22,6.66,WARNING
2026-08-09 20:00:00,M003,74.65,6.18,2.9,7.75,OK
2026-08-10 00:00:00,M003,79.35,4.69,2.19,6.75,OK
2026-08-10 04:00:00,M003,74.24,4.96,3.05,6.28,OK
2026-08-10 08:00:00,M003,81.47,5.02,2.53,8.62,OK
2026-08-10 12:00:00,M003,87.83,4.94,2.8,4.73,OK
2026-08-10 16:00:00,M003,73.94,6.55,2.86,8.5,WARNING
2026-08-10 20:00:00,M003,84.79,4.57,3.94,7.81,OK
2026-08-11 00:00:00,M003,83.43,4.42,3.38,6.95,OK
2026-08-11 04:00:00,M003,76.21,4.84,2.7,9.67,OK
2026-08-11 08:00:00,M003,77.6,6.67,2.68,6.86,WARNING
2026-08-11 12:00:00,M003,82.99,5.3,3.1,9.12,OK
2026-08-11 16:00:00,M003,78.33,5.01,2.85,5.67,OK
2026-08-11 20:00:00,M003,89.79,5.16,2.06,9.07,OK
2026-08-12 00:00:00,M003,84.95,4.95,2.29,8.1,OK
2026-08-12 04:00:00,M003,79.56,,3.17,8.53,OK
2026-08-12 08:00:00,M003,83.14,4.88,2.85,7.08,OK
2026-08-12 12:00:00,M003,80.68,5.18,2.8,8.57,OK
2026-08-12 16:00:00,M003,78.25,5.15,3.07,5.93,OK
2026-08-12 20:00:00,M003,81.71,4.95,2.4,7.98,OK
2026-08-13 00:00:00,M003,81.25,4.74,2.99,7.29,OK
2026-08-13 04:00:00,M003,79.67,4.74,2.18,6.26,OK
2026-08-13 08:00:00,M003,71.77,4.79,3.44,7.14,OK
2026-08-13 12:00:00,M003,72.79,5.05,2.68,8.4,OK
2026-08-13 16:00:00,M003,78.7,4.92,2.71,6.58,OK
2026-08-13 20:00:00,M003,82.31,4.63,2.34,8.6,OK
2026-08-14 00:00:00,M003,78.41,4.92,3.05,6.37,OK
2026-08-14 04:00:00,M003,78.62,5.16,3.48,8.22,OK
2026-08-14 08:00:00,M003,83.1,5.01,2.96,7.28,OK
2026-08-14 12:00:00,M003,80.4,4.96,2.28,8.14,OK
2026-08-14 16:00:00,M003,81.02,5.32,2.4,7.61,OK
2026-08-14 20:00:00,M003,86.21,5.27,2.99,6.91,OK
2026-08-15 00:00:00,M003,70.6,5.17,3.2,10.26,OK
2026-08-15 04:00:00,M003,83.5,4.4,3.4,8.31,OK
2026-08-15 08:00:00,M003,76.57,4.7,2.07,8.4,OK
2026-08-15 12:00:00,M003,78.14,4.9,2.56,6.3,OK
2026-08-15 16:00:00,M003,79.7,4.59,3.3,8.12,OK
2026-08-15 20:00:00,M003,78.83,4.77,2.3,7.05,OK
2026-08-16 00:00:00,M003,71.69,5.23,2.78,6.59,OK
2026-08-16 04:00:00,M003,77.51,5.16,2.83,9.08,OK
2026-08-16 08:00:00,M003,82.59,4.9,2.72,9.66,OK
2026-08-16 12:00:00,M003,81.48,4.71,2.94,7.16,OK
2026-08-16 16:00:00,M003,70.8,4.85,3.01,7.99,OK
2026-08-16 20:00:00,M003,89.34,4.55,3.06,6.54,OK
2026-08-17 00:00:00,M003,80.16,4.7,2.39,7.68,OK
2026-08-17 04:00:00,M003,86.22,5.0,2.78,5.04,OK
2026-08-17 08:00:00,M003,75.97,4.78,2.39,5.89,OK
2026-08-17 12:00:00,M003,75.57,4.95,2.72,7.15,OK
2026-08-17 16:00:00,M003,81.82,4.98,2.75,7.46,OK
2026-08-17 20:00:00,M003,81.7,4.93,2.93,7.42,OK
2026-08-18 00:00:00,M003,78.97,5.16,2.9,8.12,OK
2026-08-18 04:00:00,M003,82.98,5.53,2.66,7.45,OK
2026-08-18 08:00:00,M003,76.11,4.7,2.18,6.45,OK
2026-08-18 12:00:00,M003,77.64,4.4,3.17,6.49,OK
2026-08-18 16:00:00,M003,78.58,5.01,2.72,6.77,OK
2026-08-18 20:00:00,M003,73.11,4.92,2.1,6.83,OK
2026-08-19 00:00:00,M003,79.15,5.11,3.18,7.9,OK
2026-08-19 04:00:00,M003,72.75,4.92,3.03,8.67,OK
2026-08-19 08:00:00,M003,79.12,4.35,2.96,5.14,OK
2026-08-19 12:00:00,M003,106.76,4.73,2.83,9.5,WARNING
2026-08-19 16:00:00,M003,83.08,4.45,2.75,5.37,OK
2026-08-19 20:00:00,M003,77.88,4.63,2.73,7.72,OK
2026-08-20 00:00:00,M003,80.27,4.79,2.97,7.68,OK
2026-08-20 04:00:00,M003,85.21,4.63,2.79,7.58,OK
2026-08-20 08:00:00,M003,85.63,4.8,2.73,6.97,OK
2026-08-20 12:00:00,M003,80.65,4.54,2.43,9.93,OK
2026-08-20 16:00:00,M003,80.88,4.96,2.76,6.98,OK
2026-08-20 20:00:00,M003,80.95,5.28,2.85,4.56,OK
2026-08-21 00:00:00,M003,75.42,4.96,2.52,5.74,OK
2026-08-21 04:00:00,M003,73.73,4.82,2.65,7.84,OK
2026-08-21 08:00:00,M003,87.68,4.39,2.38,7.86,OK
2026-08-21 12:00:00,M003,79.56,4.56,2.62,5.91,OK
2026-08-21 16:00:00,M003,73.86,4.9,2.29,7.72,OK
2026-08-21 20:00:00,M003,85.65,4.63,2.84,6.19,OK
2026-08-22 00:00:00,M003,73.39,4.46,1.88,6.09,OK
2026-08-22 04:00:00,M003,88.43,5.93,2.94,8.13,OK
2026-08-22 08:00:00,M003,91.7,4.42,2.39,6.11,OK
2026-08-22 12:00:00,M003,77.09,4.49,1.92,7.07,OK
2026-08-22 16:00:00,M003,81.45,4.9,2.69,6.04,OK
2026-08-22 20:00:00,M003,83.42,4.46,2.24,6.46,OK
2026-08-23 00:00:00,M003,84.97,4.92,2.9,8.8,OK
2026-08-23 04:00:00,M003,80.05,4.74,2.48,8.21,OK
2026-08-23 08:00:00,M003,69.62,4.8,2.8,6.49,OK
2026-08-23 12:00:00,M003,79.6,4.32,2.51,8.54,OK
2026-08-23 16:00:00,M003,86.17,4.95,2.63,7.08,OK
2026-08-23 20:00:00,M003,76.38,4.56,2.19,7.63,OK
2026-08-24 00:00:00,M003,80.95,4.89,2.71,8.26,OK
2026-08-24 04:00:00,M003,77.68,4.47,2.49,6.62,OK
2026-08-24 08:00:00,M003,74.93,4.89,2.4,7.0,OK
2026-08-24 12:00:00,M003,84.53,4.76,2.55,5.86,OK
2026-08-24 16:00:00,M003,90.67,5.17,2.69,6.98,OK
2026-08-24 20:00:00,M003,81.28,4.88,3.09,9.43,OK
2026-08-25 00:00:00,M003,84.31,4.74,2.82,7.6,OK
2026-08-25 04:00:00,M003,75.03,4.58,2.56,8.12,OK
2026-08-25 08:00:00,M003,77.16,4.96,3.05,6.49,OK
2026-08-25 12:00:00,M003,76.01,4.77,2.85,7.18,OK
2026-08-25 16:00:00,M003,78.72,4.78,2.59,7.15,OK
2026-08-25 20:00:00,M003,81.47,4.68,3.04,7.81,OK
2026-08-26 00:00:00,M003,83.04,4.96,2.77,7.66,OK
2026-08-26 04:00:00,M003,80.38,6.44,2.48,7.27,WARNING
2026-08-26 08:00:00,M003,78.67,5.17,2.33,6.37,OK
2026-08-26 12:00:00,M003,76.92,5.09,3.16,7.46,OK
2026-08-26 16:00:00,M003,75.38,4.39,2.64,8.27,OK
2026-08-26 20:00:00,M003,73.55,4.95,2.11,8.02,OK
2026-08-27 00:00:00,M003,82.3,4.86,2.5,9.58,OK
2026-08-27 04:00:00,M003,85.85,5.18,2.83,8.03,OK
2026-08-27 08:00:00,M003,75.43,4.66,3.26,8.53,OK
2026-08-27 12:00:00,M003,114.82,4.57,2.96,8.26,WARNING
2026-08-27 16:00:00,M003,74.58,5.07,2.51,7.78,OK
2026-08-27 20:00:00,M003,86.39,4.87,2.41,7.73,OK
2026-08-28 00:00:00,M003,80.9,4.72,3.38,5.15,OK
2026-08-28 04:00:00,M003,70.8,4.72,3.4,7.81,OK
2026-08-28 08:00:00,M003,81.28,5.15,3.23,7.91,OK
2026-08-28 12:00:00,M003,72.74,4.76,2.94,6.0,OK
2026-08-28 16:00:00,M003,84.78,4.97,2.84,6.47,OK
2026-08-28 20:00:00,M003,113.26,4.29,2.5,8.81,WARNING
2026-08-29 00:00:00,M003,81.39,4.92,2.67,6.49,OK
2026-08-29 04:00:00,M003,82.35,4.57,3.32,6.35,OK
2026-08-29 08:00:00,M003,81.06,5.91,2.02,8.01,OK
2026-08-29 12:00:00,M003,83.91,5.1,2.68,7.4,OK
2026-08-29 16:00:00,M003,78.87,5.16,3.3,7.94,OK
2026-08-29 20:00:00,M003,82.18,5.63,2.34,6.54,OK
2026-08-30 00:00:00,M003,76.13,5.04,3.28,8.21,OK
2026-08-30 04:00:00,M003,82.47,4.87,2.9,7.27,OK
2026-08-30 08:00:00,M003,73.87,4.6,2.39,6.46,OK
2026-08-30 12:00:00,M003,81.98,4.66,3.4,7.04,OK
2026-08-30 16:00:00,M003,75.52,5.06,2.12,8.7,OK
2026-08-30 20:00:00,M003,85.07,4.7,3.16,6.56,OK
2026-08-31 00:00:00,M003,85.26,4.77,2.31,6.06,OK
2026-08-31 04:00:00,M003,77.54,5.01,2.72,6.91,OK
2026-08-31 08:00:00,M003,83.46,4.7,2.65,9.39,OK
2026-08-31 12:00:00,M003,81.54,4.71,2.18,6.32,OK
2026-08-31 16:00:00,M003,78.16,4.65,3.48,7.14,OK
2026-08-31 20:00:00,M003,76.5,4.82,2.81,7.67,OK
2026-09-01 00:00:00,M003,116.32,4.83,2.83,7.66,CRITICAL
2026-09-01 04:00:00,M003,74.73,5.57,2.53,7.48,OK
2026-09-01 08:00:00,M003,77.26,5.08,3.0,8.04,OK
2026-09-01 12:00:00,M003,87.11,5.07,3.04,6.34,OK
2026-09-01 16:00:00,M003,78.22,4.31,3.26,7.27,OK
2026-09-01 20:00:00,M003,75.0,4.25,2.98,7.99,OK
2026-09-02 00:00:00,M003,72.15,4.56,2.51,8.38,OK
2026-09-02 04:00:00,M003,81.23,4.9,2.67,6.65,OK
2026-09-02 08:00:00,M003,78.58,4.78,3.11,5.5,OK
2026-09-02 12:00:00,M003,83.85,4.27,2.21,7.2,OK
2026-09-02 16:00:00,M003,81.03,4.94,2.54,8.23,OK
2026-09-02 20:00:00,M003,71.33,5.22,2.89,8.9,OK
2026-09-03 00:00:00,M003,80.72,4.83,2.63,6.15,OK
2026-09-03 04:00:00,M003,76.04,5.2,2.78,8.89,OK
2026-09-03 08:00:00,M003,70.98,5.17,2.76,8.26,OK
2026-09-03 12:00:00,M003,85.65,4.89,2.96,8.99,OK
2026-09-03 16:00:00,M003,75.99,4.57,3.1,7.57,OK
2026-09-03 20:00:00,M003,79.21,4.4,3.03,7.82,OK
2026-09-04 00:00:00,M003,83.56,4.47,2.43,7.76,OK
2026-09-04 04:00:00,M003,79.98,4.55,2.98,7.39,OK
2026-09-04 08:00:00,M003,78.24,4.48,2.98,8.07,OK
2026-09-04 12:00:00,M003,76.59,4.87,2.97,7.3,OK
2026-09-04 16:00:00,M003,82.16,4.81,2.69,10.27,OK
2026-09-04 20:00:00,M003,88.4,5.04,2.54,7.98,OK
2026-08-01 00:00:00,M004,79.59,4.69,1.76,13.42,OK
2026-08-01 04:00:00,M004,87.24,4.45,1.72,10.23,OK
2026-08-01 08:00:00,M004,67.68,4.74,1.81,9.6,OK
2026-08-01 12:00:00,M004,74.94,5.08,2.31,10.18,OK
2026-08-01 16:00:00,M004,77.59,4.99,1.71,11.5,OK
2026-08-01 20:00:00,M004,77.0,4.24,1.59,11.77,OK
2026-08-02 00:00:00,M004,72.5,4.62,2.09,10.54,OK
2026-08-02 04:00:00,M004,87.41,4.3,2.01,11.83,OK
2026-08-02 08:00:00,M004,81.89,4.94,2.12,9.17,OK
2026-08-02 12:00:00,M004,64.97,4.99,2.07,10.41,OK
2026-08-02 16:00:00,M004,80.23,5.12,2.66,11.82,OK
2026-08-02 20:00:00,M004,81.66,4.49,2.14,11.12,OK
2026-08-03 00:00:00,M004,79.33,4.84,2.19,11.27,OK
2026-08-03 04:00:00,M004,80.0,4.79,2.43,11.82,OK
2026-08-03 08:00:00,M004,82.25,4.59,2.33,11.57,OK
2026-08-03 12:00:00,M004,80.97,5.05,1.33,10.84,OK
2026-08-03 16:00:00,M004,76.98,4.87,2.36,10.96,OK
2026-08-03 20:00:00,M004,82.15,4.69,1.99,12.06,OK
2026-08-04 00:00:00,M004,84.93,4.39,1.84,11.51,OK
2026-08-04 04:00:00,M004,75.69,5.09,0.89,10.19,OK
2026-08-04 08:00:00,M004,78.23,4.69,2.35,13.6,OK
2026-08-04 12:00:00,M004,74.95,4.42,1.31,9.51,OK
2026-08-04 16:00:00,M004,72.44,3.89,1.59,10.82,OK
2026-08-04 20:00:00,M004,82.84,4.67,1.99,10.39,OK
2026-08-05 00:00:00,M004,77.26,6.0,2.41,11.9,OK
2026-08-05 04:00:00,M004,78.79,4.52,1.63,9.44,OK
2026-08-05 08:00:00,M004,91.04,4.9,2.53,12.34,OK
2026-08-05 12:00:00,M004,77.93,4.57,2.23,11.57,OK
2026-08-05 16:00:00,M004,82.43,4.44,1.57,13.33,OK
2026-08-05 20:00:00,M004,75.19,4.5,1.5,9.59,OK
2026-08-06 00:00:00,M004,79.91,6.13,1.71,11.24,OK
2026-08-06 04:00:00,M004,78.48,4.87,1.82,9.21,OK
2026-08-06 08:00:00,M004,80.55,4.59,1.69,12.05,OK
2026-08-06 12:00:00,M004,74.03,5.83,2.67,12.43,OK
2026-08-06 16:00:00,M004,73.91,4.66,1.87,11.69,OK
2026-08-06 20:00:00,M004,80.06,4.6,1.95,11.04,OK
2026-08-07 00:00:00,M004,78.42,4.48,6.57,12.37,WARNING
2026-08-07 04:00:00,M004,78.05,4.63,2.11,12.29,OK
2026-08-07 08:00:00,M004,82.77,4.74,2.21,9.67,OK
2026-08-07 12:00:00,M004,82.71,4.43,1.79,11.6,OK
2026-08-07 16:00:00,M004,84.47,4.77,1.62,12.66,OK
2026-08-07 20:00:00,M004,65.19,4.59,2.27,11.1,OK
2026-08-08 00:00:00,M004,78.08,4.68,1.87,12.86,OK
2026-08-08 04:00:00,M004,70.66,4.35,2.02,13.77,OK
2026-08-08 08:00:00,M004,82.11,4.65,2.47,10.33,OK
2026-08-08 12:00:00,M004,76.2,4.57,2.02,12.04,OK
2026-08-08 16:00:00,M004,71.8,5.17,1.77,10.71,OK
2026-08-08 20:00:00,M004,78.35,4.67,2.08,8.56,OK
2026-08-09 00:00:00,M004,71.55,4.56,1.74,13.15,OK
2026-08-09 04:00:00,M004,76.18,4.62,2.53,9.12,OK
2026-08-09 08:00:00,M004,74.38,4.27,1.72,8.97,OK
2026-08-09 12:00:00,M004,111.79,4.43,1.4,10.02,WARNING
2026-08-09 16:00:00,M004,74.75,4.68,1.88,11.15,OK
2026-08-09 20:00:00,M004,84.5,4.31,1.75,10.75,OK
2026-08-10 00:00:00,M004,81.77,4.8,1.66,11.49,OK
2026-08-10 04:00:00,M004,78.92,4.38,2.08,9.77,OK
2026-08-10 08:00:00,M004,83.13,4.82,2.22,10.07,OK
2026-08-10 12:00:00,M004,77.05,4.79,1.87,11.66,OK
2026-08-10 16:00:00,M004,81.24,4.31,1.57,10.39,OK
2026-08-10 20:00:00,M004,84.72,4.75,1.83,8.89,OK
2026-08-11 00:00:00,M004,114.12,4.99,2.33,10.23,WARNING
2026-08-11 04:00:00,M004,80.22,4.4,2.49,11.51,OK
2026-08-11 08:00:00,M004,83.3,4.59,2.34,11.61,OK
2026-08-11 12:00:00,M004,84.42,4.76,2.61,12.66,OK
2026-08-11 16:00:00,M004,81.12,4.58,1.74,11.7,OK
2026-08-11 20:00:00,M004,80.29,4.55,1.91,10.48,OK
2026-08-12 00:00:00,M004,80.21,4.67,2.35,12.75,OK
2026-08-12 04:00:00,M004,84.06,5.19,2.04,8.84,OK
2026-08-12 08:00:00,M004,81.57,4.74,1.82,10.61,OK
2026-08-12 12:00:00,M004,76.78,4.76,1.94,9.69,OK
2026-08-12 16:00:00,M004,75.34,4.71,2.24,12.74,OK
2026-08-12 20:00:00,M004,69.88,5.15,1.44,11.89,OK
2026-08-13 00:00:00,M004,82.58,4.29,1.99,10.71,OK
2026-08-13 04:00:00,M004,76.72,4.87,2.03,10.32,OK
2026-08-13 08:00:00,M004,80.58,4.74,1.38,9.41,OK
2026-08-13 12:00:00,M004,82.34,4.36,1.45,13.4,OK
2026-08-13 16:00:00,M004,75.89,4.38,2.36,10.46,OK
2026-08-13 20:00:00,M004,76.31,4.02,1.96,11.19,OK
2026-08-14 00:00:00,M004,82.54,4.99,1.99,12.61,OK
2026-08-14 04:00:00,M004,70.18,4.4,2.01,10.4,OK
2026-08-14 08:00:00,M004,85.3,4.9,1.59,11.39,OK
2026-08-14 12:00:00,M004,83.92,4.49,2.02,11.37,OK
2026-08-14 16:00:00,M004,114.22,4.41,2.33,10.22,WARNING
2026-08-14 20:00:00,M004,82.89,4.51,2.5,10.82,OK
2026-08-15 00:00:00,M004,84.63,4.69,2.18,11.47,OK
2026-08-15 04:00:00,M004,75.25,4.7,1.92,12.24,OK
2026-08-15 08:00:00,M004,71.26,5.18,2.13,11.96,OK
2026-08-15 12:00:00,M004,77.18,4.95,2.94,10.25,OK
2026-08-15 16:00:00,M004,83.65,4.64,2.03,10.41,OK
2026-08-15 20:00:00,M004,81.48,4.63,1.92,11.4,OK
2026-08-16 00:00:00,M004,82.46,4.63,1.73,12.17,OK
2026-08-16 04:00:00,M004,78.03,4.55,2.6,11.96,OK
2026-08-16 08:00:00,M004,73.76,4.68,2.02,9.75,OK
2026-08-16 12:00:00,M004,80.75,4.53,2.2,11.17,OK
2026-08-16 16:00:00,M004,70.03,4.7,2.65,10.48,OK
2026-08-16 20:00:00,M004,78.02,4.69,2.55,12.18,OK
2026-08-17 00:00:00,M004,75.32,4.15,1.99,9.61,OK
2026-08-17 04:00:00,M004,74.95,4.2,1.57,12.61,OK
2026-08-17 08:00:00,M004,76.28,4.44,2.84,11.16,OK
2026-08-17 12:00:00,M004,75.11,4.51,1.98,11.32,OK
2026-08-17 16:00:00,M004,79.59,4.83,2.01,11.52,OK
2026-08-17 20:00:00,M004,80.08,4.82,2.58,12.51,OK
2026-08-18 00:00:00,M004,77.34,4.74,1.82,10.27,OK
2026-08-18 04:00:00,M004,71.09,4.43,1.85,9.79,OK
2026-08-18 08:00:00,M004,76.26,4.81,1.73,10.45,OK
2026-08-18 12:00:00,M004,83.07,4.18,2.55,11.86,OK
2026-08-18 16:00:00,M004,77.06,4.77,1.89,12.43,OK
2026-08-18 20:00:00,M004,75.31,4.62,1.66,11.79,OK
2026-08-19 00:00:00,M004,74.95,4.87,2.34,12.66,OK
2026-08-19 04:00:00,M004,83.71,4.76,1.66,11.27,OK
2026-08-19 08:00:00,M004,82.37,4.36,2.21,9.9,OK
2026-08-19 12:00:00,M004,82.96,4.8,2.22,10.21,OK
2026-08-19 16:00:00,M004,82.14,4.49,2.36,12.72,OK
2026-08-19 20:00:00,M004,69.21,4.71,1.82,10.86,OK
2026-08-20 00:00:00,M004,73.47,4.9,2.13,11.84,OK
2026-08-20 04:00:00,M004,87.29,4.8,1.65,11.8,OK
2026-08-20 08:00:00,M004,74.74,4.67,2.26,11.87,OK
2026-08-20 12:00:00,M004,84.4,5.05,2.73,11.55,OK
2026-08-20 16:00:00,M004,73.53,4.42,2.21,11.18,OK
2026-08-20 20:00:00,M004,85.09,4.19,2.11,12.22,OK
2026-08-21 00:00:00,M004,78.55,5.08,2.82,10.41,OK
2026-08-21 04:00:00,M004,80.44,4.75,2.69,12.71,OK
2026-08-21 08:00:00,M004,80.02,4.96,2.09,11.63,OK
2026-08-21 12:00:00,M004,75.1,4.38,2.59,11.99,OK
2026-08-21 16:00:00,M004,83.4,4.47,2.01,12.43,OK
2026-08-21 20:00:00,M004,77.77,4.55,2.07,13.7,OK
2026-08-22 00:00:00,M004,75.69,5.13,6.15,13.53,WARNING
2026-08-22 04:00:00,M004,78.82,4.9,2.01,11.01,OK
2026-08-22 08:00:00,M004,75.1,4.51,2.16,13.22,OK
2026-08-22 12:00:00,M004,73.79,4.61,2.65,9.68,OK
2026-08-22 16:00:00,M004,79.88,4.83,2.19,12.8,OK
2026-08-22 20:00:00,M004,82.1,6.32,2.01,11.67,WARNING
2026-08-23 00:00:00,M004,80.97,4.87,2.53,10.75,OK
2026-08-23 04:00:00,M004,81.5,4.92,1.91,9.94,OK
2026-08-23 08:00:00,M004,78.24,4.86,1.76,10.57,OK
2026-08-23 12:00:00,M004,70.9,4.76,1.58,12.61,OK
2026-08-23 16:00:00,M004,78.06,4.76,2.2,11.38,OK
2026-08-23 20:00:00,M004,84.25,4.5,1.37,11.35,OK
2026-08-24 00:00:00,M004,74.09,5.12,1.6,10.52,OK
2026-08-24 04:00:00,M004,81.56,4.9,2.23,11.2,OK
2026-08-24 08:00:00,M004,80.87,4.88,2.6,11.84,OK
2026-08-24 12:00:00,M004,80.81,4.58,2.12,10.12,OK
2026-08-24 16:00:00,M004,73.51,4.84,1.8,11.41,OK
2026-08-24 20:00:00,M004,87.98,6.19,1.62,10.52,OK
2026-08-25 00:00:00,M004,82.36,4.76,1.77,12.1,OK
2026-08-25 04:00:00,M004,67.31,4.4,1.71,11.48,OK
2026-08-25 08:00:00,M004,79.3,4.78,2.17,11.4,OK
2026-08-25 12:00:00,M004,75.34,4.57,1.85,11.48,OK
2026-08-25 16:00:00,M004,81.83,4.84,1.69,12.41,OK
2026-08-25 20:00:00,M004,79.53,4.62,2.0,10.53,OK
2026-08-26 00:00:00,M004,80.23,4.39,1.65,8.74,OK
2026-08-26 04:00:00,M004,80.3,4.83,1.53,11.31,OK
2026-08-26 08:00:00,M004,80.13,4.43,2.3,11.2,OK
2026-08-26 12:00:00,M004,79.26,4.74,2.21,10.69,OK
2026-08-26 16:00:00,M004,90.89,4.79,1.48,10.46,OK
2026-08-26 20:00:00,M004,77.82,4.73,2.36,10.98,OK
2026-08-27 00:00:00,M004,78.03,4.78,1.82,10.37,OK
2026-08-27 04:00:00,M004,85.95,4.41,1.79,11.58,OK
2026-08-27 08:00:00,M004,73.48,4.69,2.08,12.51,OK
2026-08-27 12:00:00,M004,77.5,4.5,2.13,10.99,OK
2026-08-27 16:00:00,M004,80.33,4.65,1.51,11.13,OK
2026-08-27 20:00:00,M004,83.05,4.5,1.74,13.13,OK
2026-08-28 00:00:00,M004,77.93,4.68,2.2,14.43,OK
2026-08-28 04:00:00,M004,76.02,4.98,2.17,6.12,OK
2026-08-28 08:00:00,M004,86.04,3.98,2.39,11.38,OK
2026-08-28 12:00:00,M004,80.26,4.82,1.85,9.16,OK
2026-08-28 16:00:00,M004,68.5,4.3,1.67,9.48,OK
2026-08-28 20:00:00,M004,82.33,4.83,1.79,11.18,OK
2026-08-29 00:00:00,M004,79.28,4.77,2.11,11.07,OK
2026-08-29 04:00:00,M004,80.03,4.63,1.75,12.02,OK
2026-08-29 08:00:00,M004,76.92,4.59,1.81,9.41,OK
2026-08-29 12:00:00,M004,75.78,5.15,1.86,10.34,OK
2026-08-29 16:00:00,M004,85.3,4.83,1.65,13.56,OK
2026-08-29 20:00:00,M004,81.73,5.23,2.11,10.91,OK
2026-08-30 00:00:00,M004,84.16,4.83,2.02,10.2,OK
2026-08-30 04:00:00,M004,79.27,4.48,2.36,7.63,OK
2026-08-30 08:00:00,M004,77.23,4.67,1.83,12.63,OK
2026-08-30 12:00:00,M004,78.52,5.47,2.07,11.62,OK
2026-08-30 16:00:00,M004,71.76,4.14,2.02,13.03,OK
2026-08-30 20:00:00,M004,80.7,4.84,1.3,12.75,OK
2026-08-31 00:00:00,M004,81.71,4.81,2.36,9.21,OK
2026-08-31 04:00:00,M004,80.38,4.76,2.46,12.77,OK
2026-08-31 08:00:00,M004,77.5,4.76,0.65,14.28,OK
2026-08-31 12:00:00,M004,76.7,4.71,1.82,13.37,OK
2026-08-31 16:00:00,M004,81.37,4.66,2.46,14.44,OK
2026-08-31 20:00:00,M004,84.99,6.32,1.9,9.54,WARNING
2026-09-01 00:00:00,M004,81.12,4.45,1.72,13.04,OK
2026-09-01 04:00:00,M004,84.06,4.43,2.17,14.12,OK
2026-09-01 08:00:00,M004,76.09,4.33,2.29,12.73,OK
2026-09-01 12:00:00,M004,77.69,4.54,1.61,13.66,OK
2026-09-01 16:00:00,M004,82.3,4.57,2.12,11.07,OK
2026-09-01 20:00:00,M004,71.79,4.71,1.93,9.12,OK
2026-09-02 00:00:00,M004,76.48,4.54,1.57,11.64,OK
2026-09-02 04:00:00,M004,68.55,4.91,1.7,11.35,OK
2026-09-02 08:00:00,M004,78.38,4.8,2.59,12.27,OK
2026-09-02 12:00:00,M004,78.26,4.93,2.44,12.17,OK
2026-09-02 16:00:00,M004,82.34,4.67,2.47,12.97,OK
2026-09-02 20:00:00,M004,80.85,4.52,1.35,11.04,OK
2026-09-03 00:00:00,M004,79.33,5.29,2.08,11.42,OK
2026-09-03 04:00:00,M004,75.21,5.0,2.47,12.75,OK
2026-09-03 08:00:00,M004,82.35,5.07,2.16,13.76,OK
2026-09-03 12:00:00,M004,86.97,5.18,2.49,11.42,OK
2026-09-03 16:00:00,M004,80.61,4.79,2.03,11.0,OK
2026-09-03 20:00:00,M004,79.12,5.11,1.92,11.45,OK
2026-09-04 00:00:00,M004,86.56,4.73,2.24,11.2,OK
2026-09-04 04:00:00,M004,79.13,4.79,1.89,11.1,OK
2026-09-04 08:00:00,M004,72.14,4.44,5.93,12.46,OK
2026-09-04 12:00:00,M004,77.22,4.67,1.38,10.0,OK
2026-09-04 16:00:00,M004,81.5,4.22,1.42,12.19,OK
2026-09-04 20:00:00,M004,82.66,4.45,2.43,15.24,OK
2026-08-01 00:00:00,M005,61.74,4.55,1.7,7.47,OK
2026-08-01 04:00:00,M005,65.96,4.83,2.77,5.02,OK
2026-08-01 08:00:00,M005,68.49,4.4,5.84,5.92,OK
2026-08-01 12:00:00,M005,63.53,4.0,6.81,7.78,WARNING
2026-08-01 16:00:00,M005,69.14,4.31,2.08,6.19,OK
2026-08-01 20:00:00,M005,67.52,4.27,1.89,4.21,OK
2026-08-02 00:00:00,M005,59.39,4.41,2.26,7.01,OK
2026-08-02 04:00:00,M005,61.28,4.0,2.2,6.47,OK
2026-08-02 08:00:00,M005,66.54,4.14,1.88,7.21,OK
2026-08-02 12:00:00,M005,65.82,3.93,2.22,6.71,OK
2026-08-02 16:00:00,M005,63.08,4.57,1.4,6.39,OK
2026-08-02 20:00:00,M005,64.79,4.19,2.16,6.63,OK
2026-08-03 00:00:00,M005,65.99,4.02,1.74,6.91,OK
2026-08-03 04:00:00,M005,70.45,4.31,1.98,5.5,OK
2026-08-03 08:00:00,M005,69.52,4.22,1.86,5.7,OK
2026-08-03 12:00:00,M005,67.08,4.48,2.93,6.4,OK
2026-08-03 16:00:00,M005,61.48,4.08,1.74,6.93,OK
2026-08-03 20:00:00,M005,76.58,4.13,3.1,4.24,OK
2026-08-04 00:00:00,M005,60.8,4.08,1.73,6.91,OK
2026-08-04 04:00:00,M005,67.4,4.03,2.14,5.35,OK
2026-08-04 08:00:00,M005,62.09,4.6,2.26,5.59,OK
2026-08-04 12:00:00,M005,67.84,4.4,2.17,8.91,OK
2026-08-04 16:00:00,M005,65.23,4.39,2.0,6.5,OK
2026-08-04 20:00:00,M005,63.89,4.24,3.08,7.18,OK
2026-08-05 00:00:00,M005,59.04,4.55,2.47,7.52,OK
2026-08-05 04:00:00,M005,70.76,3.98,2.57,5.95,OK
2026-08-05 08:00:00,M005,73.54,4.77,2.42,8.33,OK
2026-08-05 12:00:00,M005,63.73,4.18,1.45,7.52,OK
2026-08-05 16:00:00,M005,62.29,4.06,2.19,8.09,OK
2026-08-05 20:00:00,M005,61.13,4.6,2.39,5.21,OK
2026-08-06 00:00:00,M005,69.04,4.52,1.21,5.9,OK
2026-08-06 04:00:00,M005,64.73,4.05,2.96,6.27,OK
2026-08-06 08:00:00,M005,66.47,3.7,1.84,6.02,OK
2026-08-06 12:00:00,M005,71.35,3.99,2.37,6.06,OK
2026-08-06 16:00:00,M005,70.58,4.02,2.19,5.43,OK
2026-08-06 20:00:00,M005,62.56,4.39,2.87,4.98,OK
2026-08-07 00:00:00,M005,58.15,4.71,1.97,7.21,OK
2026-08-07 04:00:00,M005,63.17,4.66,2.67,6.23,OK
2026-08-07 08:00:00,M005,62.99,4.58,2.0,7.76,OK
2026-08-07 12:00:00,M005,66.42,4.28,2.26,7.05,OK
2026-08-07 16:00:00,M005,70.62,4.33,3.0,5.79,OK
2026-08-07 20:00:00,M005,61.12,4.22,2.73,5.94,OK
2026-08-08 00:00:00,M005,112.75,4.14,2.08,8.15,WARNING
2026-08-08 04:00:00,M005,63.44,4.41,2.65,4.58,OK
2026-08-08 08:00:00,M005,90.78,4.47,2.15,5.2,OK
2026-08-08 12:00:00,M005,65.91,4.3,2.43,3.54,OK
2026-08-08 16:00:00,M005,65.71,4.54,2.93,7.15,OK
2026-08-08 20:00:00,M005,69.41,4.06,2.39,4.44,OK
2026-08-09 00:00:00,M005,62.01,4.22,2.87,6.1,OK
2026-08-09 04:00:00,M005,60.05,4.38,2.67,5.3,OK
2026-08-09 08:00:00,M005,60.9,4.6,3.12,3.86,OK
2026-08-09 12:00:00,M005,69.13,4.66,2.31,6.64,OK
2026-08-09 16:00:00,M005,63.64,4.12,2.67,4.33,OK
2026-08-09 20:00:00,M005,67.7,4.99,2.23,5.45,OK
2026-08-10 00:00:00,M005,67.12,4.29,1.56,4.03,OK
2026-08-10 04:00:00,M005,72.58,4.36,2.18,4.96,OK
2026-08-10 08:00:00,M005,72.24,4.44,2.18,6.75,OK
2026-08-10 12:00:00,M005,76.65,4.21,2.9,5.75,OK
2026-08-10 16:00:00,M005,62.1,4.62,3.02,5.67,OK
2026-08-10 20:00:00,M005,74.86,4.1,1.9,7.91,OK
2026-08-11 00:00:00,M005,66.93,4.19,2.33,3.85,OK
2026-08-11 04:00:00,M005,64.35,4.13,2.57,4.57,OK
2026-08-11 08:00:00,M005,58.78,4.22,2.45,5.89,OK
2026-08-11 12:00:00,M005,75.87,4.29,2.74,4.46,OK
2026-08-11 16:00:00,M005,61.51,4.36,1.72,5.76,OK
2026-08-11 20:00:00,M005,60.65,4.19,2.98,6.06,OK
2026-08-12 00:00:00,M005,61.23,4.69,8.14,8.25,CRITICAL
2026-08-12 04:00:00,M005,67.33,4.34,2.87,7.13,OK
2026-08-12 08:00:00,M005,99.8,4.29,1.91,6.21,OK
2026-08-12 12:00:00,M005,70.8,4.63,7.88,7.68,WARNING
2026-08-12 16:00:00,M005,66.47,4.78,2.93,5.97,OK
2026-08-12 20:00:00,M005,67.88,4.27,8.18,5.95,CRITICAL
2026-08-13 00:00:00,M005,70.82,4.67,2.66,5.65,OK
2026-08-13 04:00:00,M005,69.67,4.39,3.31,7.73,OK
2026-08-13 08:00:00,M005,61.28,3.92,1.93,5.92,OK
2026-08-13 12:00:00,M005,65.22,4.19,2.14,8.05,OK
2026-08-13 16:00:00,M005,66.16,4.16,1.97,7.19,OK
2026-08-13 20:00:00,M005,66.89,3.86,2.26,7.02,OK
2026-08-14 00:00:00,M005,73.55,5.05,2.58,6.17,OK
2026-08-14 04:00:00,M005,63.06,4.45,2.02,5.15,OK
2026-08-14 08:00:00,M005,59.02,4.07,1.92,6.47,OK
2026-08-14 12:00:00,M005,71.66,4.5,2.36,7.3,OK
2026-08-14 16:00:00,M005,54.57,4.28,2.15,7.36,OK
2026-08-14 20:00:00,M005,60.44,4.07,2.18,5.6,OK
2026-08-15 00:00:00,M005,71.57,4.24,2.26,5.94,OK
2026-08-15 04:00:00,M005,66.33,4.08,2.17,5.83,OK
2026-08-15 08:00:00,M005,65.12,4.24,2.21,5.97,OK
2026-08-15 12:00:00,M005,109.55,4.5,2.74,4.76,WARNING
2026-08-15 16:00:00,M005,73.74,4.07,2.09,5.89,OK
2026-08-15 20:00:00,M005,,3.87,2.1,6.17,OK
2026-08-16 00:00:00,M005,70.52,4.42,2.02,6.02,OK
2026-08-16 04:00:00,M005,72.37,4.2,2.07,5.69,OK
2026-08-16 08:00:00,M005,70.72,4.28,2.53,6.24,OK
2026-08-16 12:00:00,M005,66.01,4.51,2.03,2.98,OK
2026-08-16 16:00:00,M005,74.72,4.5,2.31,5.94,OK
2026-08-16 20:00:00,M005,60.86,4.71,2.43,5.13,OK
2026-08-17 00:00:00,M005,63.63,4.19,2.41,5.55,OK
2026-08-17 04:00:00,M005,65.4,4.27,2.36,6.87,OK
2026-08-17 08:00:00,M005,63.47,4.09,2.04,6.0,OK
2026-08-17 12:00:00,M005,58.0,4.56,2.09,4.97,OK
2026-08-17 16:00:00,M005,64.29,4.3,2.71,3.8,OK
2026-08-17 20:00:00,M005,65.81,4.17,2.17,5.48,OK
2026-08-18 00:00:00,M005,65.44,4.48,1.8,4.0,OK
2026-08-18 04:00:00,M005,78.48,4.25,2.5,8.1,OK
2026-08-18 08:00:00,M005,64.31,4.29,1.59,6.96,OK
2026-08-18 12:00:00,M005,65.06,4.46,1.78,6.73,OK
2026-08-18 16:00:00,M005,63.97,4.27,2.66,5.03,OK
2026-08-18 20:00:00,M005,61.22,4.35,2.08,5.56,OK
2026-08-19 00:00:00,M005,64.28,4.4,1.96,4.79,OK
2026-08-19 04:00:00,M005,56.74,4.34,2.88,7.32,OK
2026-08-19 08:00:00,M005,54.71,4.63,2.19,8.17,OK
2026-08-19 12:00:00,M005,64.65,4.01,2.51,6.79,OK
2026-08-19 16:00:00,M005,61.28,4.01,2.87,5.04,OK
2026-08-19 20:00:00,M005,68.93,4.44,2.15,6.77,OK
2026-08-20 00:00:00,M005,65.58,4.15,2.52,5.9,OK
2026-08-20 04:00:00,M005,74.98,4.74,2.63,5.51,OK
2026-08-20 08:00:00,M005,63.14,4.82,2.26,8.1,OK
2026-08-20 12:00:00,M005,66.45,4.29,1.81,7.28,OK
2026-08-20 16:00:00,M005,74.09,4.64,2.26,4.59,OK
2026-08-20 20:00:00,M005,57.49,4.19,1.69,5.23,OK
2026-08-21 00:00:00,M005,62.68,4.37,3.05,5.56,OK
2026-08-21 04:00:00,M005,63.92,4.62,2.23,6.71,OK
2026-08-21 08:00:00,M005,62.51,4.55,2.12,6.4,OK
2026-08-21 12:00:00,M005,67.54,4.36,2.06,5.91,OK
2026-08-21 16:00:00,M005,61.27,4.94,2.7,6.3,OK
2026-08-21 20:00:00,M005,64.31,4.01,2.18,6.22,OK
2026-08-22 00:00:00,M005,105.74,4.44,2.07,7.64,WARNING
2026-08-22 04:00:00,M005,66.0,4.27,2.53,5.62,OK
2026-08-22 08:00:00,M005,72.45,4.82,6.34,4.43,WARNING
2026-08-22 12:00:00,M005,77.5,4.47,2.27,4.42,OK
2026-08-22 16:00:00,M005,68.71,4.21,2.34,4.25,OK
2026-08-22 20:00:00,M005,65.3,4.32,1.79,6.89,OK
2026-08-23 00:00:00,M005,66.91,5.34,2.18,6.93,OK
2026-08-23 04:00:00,M005,61.15,4.34,2.67,4.72,OK
2026-08-23 08:00:00,M005,65.84,4.14,2.31,4.53,OK
2026-08-23 12:00:00,M005,73.09,4.17,2.46,4.97,OK
2026-08-23 16:00:00,M005,66.57,4.93,2.53,5.27,OK
2026-08-23 20:00:00,M005,62.09,4.29,2.11,5.58,OK
2026-08-24 00:00:00,M005,65.3,4.61,2.26,4.8,OK
2026-08-24 04:00:00,M005,67.33,4.0,2.6,6.12,OK
2026-08-24 08:00:00,M005,62.67,4.22,2.2,5.87,OK
2026-08-24 12:00:00,M005,68.1,4.39,2.76,8.32,OK
2026-08-24 16:00:00,M005,74.85,4.82,2.66,6.82,OK
2026-08-24 20:00:00,M005,69.41,4.17,2.2,3.15,OK
2026-08-25 00:00:00,M005,73.59,4.43,2.85,4.49,OK
2026-08-25 04:00:00,M005,73.43,4.06,2.16,7.71,OK
2026-08-25 08:00:00,M005,76.15,3.96,2.92,5.31,OK
2026-08-25 12:00:00,M005,68.32,4.07,2.57,5.18,OK
2026-08-25 16:00:00,M005,64.91,5.65,2.56,7.28,OK
2026-08-25 20:00:00,M005,59.0,4.13,1.99,5.73,OK
2026-08-26 00:00:00,M005,58.4,4.27,2.21,4.23,OK
2026-08-26 04:00:00,M005,67.06,4.19,2.87,6.56,OK
2026-08-26 08:00:00,M005,72.38,4.2,2.58,6.03,OK
2026-08-26 12:00:00,M005,64.99,4.48,2.2,7.99,OK
2026-08-26 16:00:00,M005,60.24,4.49,1.95,7.29,OK
2026-08-26 20:00:00,M005,55.54,4.86,2.11,6.15,OK
2026-08-27 00:00:00,M005,71.29,4.48,2.98,6.6,OK
2026-08-27 04:00:00,M005,79.36,4.21,2.87,6.01,OK
2026-08-27 08:00:00,M005,65.04,4.75,2.45,7.1,OK
2026-08-27 12:00:00,M005,67.42,4.59,2.13,6.04,OK
2026-08-27 16:00:00,M005,64.63,4.12,2.41,7.45,OK
2026-08-27 20:00:00,M005,70.64,4.33,2.0,5.21,OK
2026-08-28 00:00:00,M005,57.88,4.56,2.06,6.37,OK
2026-08-28 04:00:00,M005,65.45,4.45,2.77,4.38,OK
2026-08-28 08:00:00,M005,65.61,4.46,2.41,6.68,OK
2026-08-28 12:00:00,M005,72.14,4.4,1.68,5.84,OK
2026-08-28 16:00:00,M005,59.25,4.5,2.34,4.0,OK
2026-08-28 20:00:00,M005,64.34,4.15,1.97,5.33,OK
2026-08-29 00:00:00,M005,64.18,4.26,3.28,5.05,OK
2026-08-29 04:00:00,M005,59.4,4.56,1.91,7.07,OK
2026-08-29 08:00:00,M005,69.13,4.6,2.45,5.44,OK
2026-08-29 12:00:00,M005,75.31,4.57,2.36,6.28,OK
2026-08-29 16:00:00,M005,67.41,4.25,2.41,6.0,OK
2026-08-29 20:00:00,M005,59.47,4.8,2.22,5.88,OK
2026-08-30 00:00:00,M005,73.23,4.46,2.23,6.72,OK
2026-08-30 04:00:00,M005,64.1,4.42,2.36,6.7,OK
2026-08-30 08:00:00,M005,63.44,4.22,1.85,7.2,OK
2026-08-30 12:00:00,M005,63.45,4.31,1.87,6.98,OK
2026-08-30 16:00:00,M005,66.67,4.22,1.95,7.53,OK
2026-08-30 20:00:00,M005,64.8,4.07,2.35,5.48,OK
2026-08-31 00:00:00,M005,64.44,4.33,1.93,6.76,OK
2026-08-31 04:00:00,M005,62.37,4.38,1.77,6.62,OK
2026-08-31 08:00:00,M005,71.61,4.07,2.01,6.43,OK
2026-08-31 12:00:00,M005,75.49,4.28,2.72,4.85,OK
2026-08-31 16:00:00,M005,68.63,4.02,2.45,7.06,OK
2026-08-31 20:00:00,M005,61.47,4.33,2.32,5.61,OK
2026-09-01 00:00:00,M005,61.1,4.37,2.75,7.33,OK
2026-09-01 04:00:00,M005,63.6,4.51,3.02,6.54,OK
2026-09-01 08:00:00,M005,68.6,4.1,2.04,8.57,OK
2026-09-01 12:00:00,M005,61.56,4.24,2.78,6.03,OK
2026-09-01 16:00:00,M005,74.0,4.2,2.7,8.11,OK
2026-09-01 20:00:00,M005,62.01,4.42,2.19,5.68,OK
2026-09-02 00:00:00,M005,95.34,4.2,7.92,5.83,WARNING
2026-09-02 04:00:00,M005,67.02,4.17,2.16,4.95,OK
2026-09-02 08:00:00,M005,63.89,4.35,1.79,5.77,OK
2026-09-02 12:00:00,M005,60.66,4.72,2.61,7.56,OK
2026-09-02 16:00:00,M005,61.12,5.89,2.3,8.97,OK
2026-09-02 20:00:00,M005,74.79,4.1,2.08,4.74,OK
2026-09-03 00:00:00,M005,66.56,4.49,1.53,7.52,OK
2026-09-03 04:00:00,M005,73.16,4.33,1.43,6.05,OK
2026-09-03 08:00:00,M005,64.5,4.02,2.55,5.3,OK
2026-09-03 12:00:00,M005,66.1,4.37,2.1,6.53,OK
2026-09-03 16:00:00,M005,69.33,4.01,1.93,5.73,OK
2026-09-03 20:00:00,M005,59.57,4.29,2.25,5.03,OK
2026-09-04 00:00:00,M005,110.12,4.53,2.36,4.29,WARNING
2026-09-04 04:00:00,M005,68.21,4.02,2.28,6.66,OK
2026-09-04 08:00:00,M005,67.22,4.74,1.68,4.88,OK
2026-09-04 12:00:00,M005,63.39,3.66,2.37,6.95,OK
2026-09-04 16:00:00,M005,57.55,4.02,2.19,5.07,OK
2026-09-04 20:00:00,M005,65.56,4.49,2.36,6.23,OK
2026-08-01 00:00:00,M006,80.29,4.92,1.2,7.17,OK
2026-08-01 04:00:00,M006,78.93,4.52,1.42,10.42,OK
2026-08-01 08:00:00,M006,74.12,5.04,2.04,9.8,OK
2026-08-01 12:00:00,M006,65.31,4.65,1.72,11.56,OK
2026-08-01 16:00:00,M006,74.82,4.69,2.01,8.83,OK
2026-08-01 20:00:00,M006,71.06,4.94,1.65,10.74,OK
2026-08-02 00:00:00,M006,69.91,5.04,1.84,8.57,OK
2026-08-02 04:00:00,M006,77.87,4.7,1.63,6.17,OK
2026-08-02 08:00:00,M006,77.88,4.68,1.52,8.2,OK
2026-08-02 12:00:00,M006,67.64,5.11,1.48,10.06,OK
2026-08-02 16:00:00,M006,62.2,4.59,1.57,10.07,OK
2026-08-02 20:00:00,M006,69.32,4.54,1.98,8.34,OK
2026-08-03 00:00:00,M006,72.4,4.93,1.52,10.32,OK
2026-08-03 04:00:00,M006,,4.85,1.38,11.58,OK
2026-08-03 08:00:00,M006,81.66,4.65,1.33,8.0,OK
2026-08-03 12:00:00,M006,88.65,4.81,1.07,9.56,OK
2026-08-03 16:00:00,M006,70.13,4.38,2.22,10.15,OK
2026-08-03 20:00:00,M006,74.44,4.9,1.64,10.6,OK
2026-08-04 00:00:00,M006,80.72,4.61,1.74,10.29,OK
2026-08-04 04:00:00,M006,70.6,4.37,1.33,10.11,OK
2026-08-04 08:00:00,M006,76.27,6.38,1.77,9.78,WARNING
2026-08-04 12:00:00,M006,72.97,5.0,1.96,10.59,OK
2026-08-04 16:00:00,M006,76.64,4.49,1.11,12.17,OK
2026-08-04 20:00:00,M006,70.96,4.72,1.07,9.78,OK
2026-08-05 00:00:00,M006,74.34,4.36,1.93,9.79,OK
2026-08-05 04:00:00,M006,67.24,5.19,1.58,9.7,OK
2026-08-05 08:00:00,M006,65.34,4.56,2.12,10.79,OK
2026-08-05 12:00:00,M006,71.73,4.69,1.72,8.8,OK
2026-08-05 16:00:00,M006,72.12,4.66,2.0,7.58,OK
2026-08-05 20:00:00,M006,72.85,5.18,1.85,9.3,OK
2026-08-06 00:00:00,M006,66.4,4.53,1.77,11.26,OK
2026-08-06 04:00:00,M006,63.65,3.98,0.98,9.77,OK
2026-08-06 08:00:00,M006,67.52,4.63,1.6,10.07,OK
2026-08-06 12:00:00,M006,68.72,4.6,2.02,9.63,OK
2026-08-06 16:00:00,M006,74.11,5.04,2.0,9.07,OK
2026-08-06 20:00:00,M006,66.65,4.68,1.34,9.31,OK
2026-08-07 00:00:00,M006,72.47,4.27,1.29,7.97,OK
2026-08-07 04:00:00,M006,69.13,4.79,1.4,8.43,OK
2026-08-07 08:00:00,M006,70.02,5.03,1.39,10.58,OK
2026-08-07 12:00:00,M006,71.56,4.76,1.42,11.9,OK
2026-08-07 16:00:00,M006,70.25,4.99,2.18,8.95,OK
2026-08-07 20:00:00,M006,78.67,4.71,1.03,8.23,OK
2026-08-08 00:00:00,M006,71.46,5.14,1.5,11.58,OK
2026-08-08 04:00:00,M006,72.42,4.49,1.2,11.6,OK
2026-08-08 08:00:00,M006,72.94,4.87,1.35,10.48,OK
2026-08-08 12:00:00,M006,71.93,4.95,,8.24,OK
2026-08-08 16:00:00,M006,79.58,4.78,0.77,9.78,OK
2026-08-08 20:00:00,M006,74.18,4.6,0.81,9.95,OK
2026-08-09 00:00:00,M006,80.15,4.72,1.81,8.06,OK
2026-08-09 04:00:00,M006,70.36,4.67,2.01,9.68,OK
2026-08-09 08:00:00,M006,72.74,4.82,1.69,9.57,OK
2026-08-09 12:00:00,M006,83.82,4.68,1.83,9.39,OK
2026-08-09 16:00:00,M006,72.26,4.63,2.06,8.36,OK
2026-08-09 20:00:00,M006,68.57,5.09,1.24,10.47,OK
2026-08-10 00:00:00,M006,66.24,4.95,1.08,10.26,OK
2026-08-10 04:00:00,M006,68.4,4.49,1.87,9.04,OK
2026-08-10 08:00:00,M006,75.4,5.08,1.59,10.99,OK
2026-08-10 12:00:00,M006,73.02,4.9,1.51,11.18,OK
2026-08-10 16:00:00,M006,74.48,4.87,2.06,8.37,OK
2026-08-10 20:00:00,M006,71.93,4.74,0.63,9.57,OK
2026-08-11 00:00:00,M006,75.95,4.83,0.99,10.5,OK
2026-08-11 04:00:00,M006,64.6,4.64,1.29,10.0,OK
2026-08-11 08:00:00,M006,67.56,4.47,1.18,9.36,OK
2026-08-11 12:00:00,M006,69.13,4.95,1.56,11.07,OK
2026-08-11 16:00:00,M006,73.03,4.91,1.42,10.42,OK
2026-08-11 20:00:00,M006,77.32,4.75,2.2,8.41,OK
2026-08-12 00:00:00,M006,66.15,4.89,1.59,9.22,OK
2026-08-12 04:00:00,M006,69.39,4.4,1.91,9.53,OK
2026-08-12 08:00:00,M006,78.48,4.6,1.29,10.68,OK
2026-08-12 12:00:00,M006,60.38,4.88,1.48,9.6,OK
2026-08-12 16:00:00,M006,69.7,4.76,,12.52,OK
2026-08-12 20:00:00,M006,64.69,4.64,0.95,9.81,OK
2026-08-13 00:00:00,M006,70.38,4.32,1.95,8.92,OK
2026-08-13 04:00:00,M006,74.79,4.88,1.89,9.69,OK
2026-08-13 08:00:00,M006,72.35,4.37,1.83,9.84,OK
2026-08-13 12:00:00,M006,81.29,4.73,1.71,9.32,OK
2026-08-13 16:00:00,M006,76.45,4.68,0.71,7.94,OK
2026-08-13 20:00:00,M006,68.39,4.69,1.84,8.81,OK
2026-08-14 00:00:00,M006,71.73,4.9,2.22,9.64,OK
2026-08-14 04:00:00,M006,75.51,4.47,1.67,9.8,OK
2026-08-14 08:00:00,M006,72.7,4.72,1.55,9.35,OK
2026-08-14 12:00:00,M006,74.65,4.38,1.35,9.19,OK
2026-08-14 16:00:00,M006,74.31,4.82,8.03,11.25,CRITICAL
2026-08-14 20:00:00,M006,69.09,4.69,0.91,10.28,OK
2026-08-15 00:00:00,M006,68.82,5.02,1.82,11.17,OK
2026-08-15 04:00:00,M006,65.74,4.92,1.39,8.68,OK
2026-08-15 08:00:00,M006,74.14,4.77,1.8,10.16,OK
2026-08-15 12:00:00,M006,64.93,4.7,1.03,10.13,OK
2026-08-15 16:00:00,M006,76.85,4.22,1.38,10.23,OK
2026-08-15 20:00:00,M006,78.08,4.83,1.94,10.05,OK
2026-08-16 00:00:00,M006,69.9,5.05,2.2,11.45,OK
2026-08-16 04:00:00,M006,68.3,5.05,1.81,10.19,OK
2026-08-16 08:00:00,M006,76.24,5.08,2.24,10.64,OK
2026-08-16 12:00:00,M006,68.72,4.72,2.15,10.53,OK
2026-08-16 16:00:00,M006,79.19,4.43,1.51,9.72,OK
2026-08-16 20:00:00,M006,109.82,5.04,3.2,10.62,WARNING
2026-08-17 00:00:00,M006,70.39,4.73,2.3,11.29,OK
2026-08-17 04:00:00,M006,72.82,4.3,1.87,11.02,OK
2026-08-17 08:00:00,M006,76.74,4.6,1.25,10.67,OK
2026-08-17 12:00:00,M006,66.3,4.92,1.69,10.9,OK
2026-08-17 16:00:00,M006,65.45,5.05,2.12,10.83,OK
2026-08-17 20:00:00,M006,66.59,4.49,1.85,10.57,OK
2026-08-18 00:00:00,M006,80.61,4.87,2.01,10.37,OK
2026-08-18 04:00:00,M006,72.87,4.67,1.77,10.56,OK
2026-08-18 08:00:00,M006,78.55,4.82,1.18,9.56,OK
2026-08-18 12:00:00,M006,72.07,4.59,2.22,8.41,OK
2026-08-18 16:00:00,M006,72.91,4.45,1.04,9.3,OK
2026-08-18 20:00:00,M006,72.55,4.85,1.09,8.98,OK
2026-08-19 00:00:00,M006,74.23,4.33,1.75,10.45,OK
2026-08-19 04:00:00,M006,67.72,4.9,1.67,10.51,OK
2026-08-19 08:00:00,M006,78.59,4.57,1.65,8.24,OK
2026-08-19 12:00:00,M006,64.55,4.86,1.26,11.33,OK
2026-08-19 16:00:00,M006,68.48,5.05,1.59,9.61,OK
2026-08-19 20:00:00,M006,75.11,4.46,1.15,10.8,OK
2026-08-20 00:00:00,M006,68.55,5.18,1.95,9.29,OK
2026-08-20 04:00:00,M006,73.59,4.85,1.55,10.09,OK
2026-08-20 08:00:00,M006,70.93,4.79,1.75,10.03,OK
2026-08-20 12:00:00,M006,80.42,4.77,1.42,10.06,OK
2026-08-20 16:00:00,M006,79.61,4.78,1.32,9.59,OK
2026-08-20 20:00:00,M006,73.84,4.88,1.29,10.03,OK
2026-08-21 00:00:00,M006,72.84,4.76,1.6,10.1,OK
2026-08-21 04:00:00,M006,76.4,4.85,1.77,13.1,OK
2026-08-21 08:00:00,M006,68.1,4.65,1.87,10.28,OK
2026-08-21 12:00:00,M006,72.17,4.91,1.92,8.59,OK
2026-08-21 16:00:00,M006,72.1,6.34,1.42,10.01,WARNING
2026-08-21 20:00:00,M006,70.5,4.62,2.03,9.08,OK
2026-08-22 00:00:00,M006,75.66,4.38,1.84,9.19,OK
2026-08-22 04:00:00,M006,77.7,4.53,1.34,10.34,OK
2026-08-22 08:00:00,M006,75.71,4.91,1.53,7.57,OK
2026-08-22 12:00:00,M006,71.88,4.68,1.68,8.86,OK
2026-08-22 16:00:00,M006,84.25,5.14,6.38,9.69,WARNING
2026-08-22 20:00:00,M006,78.71,4.72,1.1,9.09,OK
2026-08-23 00:00:00,M006,74.5,4.52,1.02,10.08,OK
2026-08-23 04:00:00,M006,69.28,4.14,0.71,11.95,OK
2026-08-23 08:00:00,M006,71.57,4.95,1.38,10.08,OK
2026-08-23 12:00:00,M006,74.53,4.49,1.77,9.23,OK
2026-08-23 16:00:00,M006,77.66,4.28,1.4,9.83,OK
2026-08-23 20:00:00,M006,80.35,4.54,1.5,10.19,OK
2026-08-24 00:00:00,M006,79.7,4.64,1.29,9.52,OK
2026-08-24 04:00:00,M006,69.71,4.86,1.13,10.72,OK
2026-08-24 08:00:00,M006,73.8,4.89,1.66,10.69,OK
2026-08-24 12:00:00,M006,72.63,4.93,1.86,8.87,OK
2026-08-24 16:00:00,M006,77.75,4.69,2.0,10.3,OK
2026-08-24 20:00:00,M006,79.03,4.72,1.8,9.85,OK
2026-08-25 00:00:00,M006,73.46,4.79,1.31,9.59,OK
2026-08-25 04:00:00,M006,67.52,4.98,1.55,8.61,OK
2026-08-25 08:00:00,M006,76.61,4.92,2.15,10.67,OK
2026-08-25 12:00:00,M006,70.52,4.48,1.79,9.46,OK
2026-08-25 16:00:00,M006,67.48,4.83,1.37,9.97,OK
2026-08-25 20:00:00,M006,76.09,4.54,1.12,9.81,OK
2026-08-26 00:00:00,M006,74.55,5.11,1.67,7.83,OK
2026-08-26 04:00:00,M006,73.21,4.68,1.63,10.03,OK
2026-08-26 08:00:00,M006,72.48,4.64,1.32,7.61,OK
2026-08-26 12:00:00,M006,76.5,4.63,1.49,10.98,OK
2026-08-26 16:00:00,M006,73.24,4.78,1.29,8.06,OK
2026-08-26 20:00:00,M006,65.72,4.72,1.46,8.39,OK
2026-08-27 00:00:00,M006,77.7,4.26,0.79,9.8,OK
2026-08-27 04:00:00,M006,68.48,4.73,1.41,11.66,OK
2026-08-27 08:00:00,M006,72.09,6.6,1.85,10.67,WARNING
2026-08-27 12:00:00,M006,74.69,5.24,2.07,10.16,OK
2026-08-27 16:00:00,M006,77.8,5.1,1.28,9.21,OK
2026-08-27 20:00:00,M006,74.1,4.79,1.47,10.92,OK
2026-08-28 00:00:00,M006,77.64,4.7,1.39,11.01,OK
2026-08-28 04:00:00,M006,67.02,4.51,1.64,9.83,OK
2026-08-28 08:00:00,M006,75.34,4.24,1.18,7.56,OK
2026-08-28 12:00:00,M006,81.26,5.15,0.87,10.15,OK
2026-08-28 16:00:00,M006,79.21,4.88,1.3,10.64,OK
2026-08-28 20:00:00,M006,73.46,4.68,1.53,9.58,OK
2026-08-29 00:00:00,M006,71.64,4.83,1.92,9.13,OK
2026-08-29 04:00:00,M006,82.09,4.4,1.45,8.65,OK
2026-08-29 08:00:00,M006,71.21,4.76,1.46,9.63,OK
2026-08-29 12:00:00,M006,78.26,5.06,1.51,10.77,OK
2026-08-29 16:00:00,M006,67.14,4.69,2.15,10.01,OK
2026-08-29 20:00:00,M006,69.8,4.79,1.67,10.59,OK
2026-08-30 00:00:00,M006,81.72,4.59,0.85,10.39,OK
2026-08-30 04:00:00,M006,70.78,4.67,1.55,11.56,OK
2026-08-30 08:00:00,M006,73.76,4.45,0.96,10.56,OK
2026-08-30 12:00:00,M006,74.01,4.88,6.09,6.67,WARNING
2026-08-30 16:00:00,M006,76.82,4.75,6.94,11.15,WARNING
2026-08-30 20:00:00,M006,71.43,4.39,1.68,9.98,OK
2026-08-31 00:00:00,M006,84.47,4.79,1.06,9.12,OK
2026-08-31 04:00:00,M006,71.57,4.69,1.41,10.77,OK
2026-08-31 08:00:00,M006,79.08,4.39,1.03,8.34,OK
2026-08-31 12:00:00,M006,70.68,4.68,1.82,9.22,OK
2026-08-31 16:00:00,M006,78.95,4.76,1.29,11.28,OK
2026-08-31 20:00:00,M006,73.34,4.36,2.5,10.26,OK
2026-09-01 00:00:00,M006,79.62,4.57,1.71,8.37,OK
2026-09-01 04:00:00,M006,74.47,4.7,1.49,8.75,OK
2026-09-01 08:00:00,M006,75.83,4.84,1.59,7.96,OK
2026-09-01 12:00:00,M006,80.1,4.82,1.58,7.17,OK
2026-09-01 16:00:00,M006,69.57,4.95,1.4,9.86,OK
2026-09-01 20:00:00,M006,80.16,4.74,2.02,8.97,OK
2026-09-02 00:00:00,M006,73.72,4.61,1.59,9.26,OK
2026-09-02 04:00:00,M006,97.4,4.3,1.83,8.41,OK
2026-09-02 08:00:00,M006,73.86,4.06,1.46,10.3,OK
2026-09-02 12:00:00,M006,96.49,4.34,2.2,11.01,OK
2026-09-02 16:00:00,M006,78.86,4.85,1.45,10.71,OK
2026-09-02 20:00:00,M006,78.73,5.15,1.29,9.48,OK
2026-09-03 00:00:00,M006,82.48,4.84,1.8,11.9,OK
2026-09-03 04:00:00,M006,72.2,4.36,1.89,10.3,OK
2026-09-03 08:00:00,M006,67.39,4.78,1.87,7.66,OK
2026-09-03 12:00:00,M006,67.25,5.09,1.12,7.81,OK
2026-09-03 16:00:00,M006,75.69,4.23,1.17,9.1,OK
2026-09-03 20:00:00,M006,72.3,4.13,1.74,11.56,OK
2026-09-04 00:00:00,M006,70.44,5.22,1.02,8.42,OK
2026-09-04 04:00:00,M006,80.7,4.85,1.43,8.42,OK
2026-09-04 08:00:00,M006,77.53,4.6,1.38,11.53,OK
2026-09-04 12:00:00,M006,72.46,4.47,1.69,8.17,OK
2026-09-04 16:00:00,M006,72.71,4.48,2.22,10.39,OK
2026-09-04 20:00:00,M006,81.86,4.59,1.52,10.66,OK
2026-08-01 00:00:00,M007,64.72,4.76,2.01,5.96,OK
2026-08-01 04:00:00,M007,74.03,3.73,2.42,5.42,OK
2026-08-01 08:00:00,M007,71.6,4.49,2.56,8.35,OK
2026-08-01 12:00:00,M007,71.85,4.38,2.98,8.05,OK
2026-08-01 16:00:00,M007,66.62,4.16,2.35,8.74,OK
2026-08-01 20:00:00,M007,77.1,4.49,1.97,9.29,OK
2026-08-02 00:00:00,M007,68.67,4.51,3.26,6.63,OK
2026-08-02 04:00:00,M007,66.94,4.52,3.14,8.82,OK
2026-08-02 08:00:00,M007,60.67,3.71,6.94,7.45,WARNING
2026-08-02 12:00:00,M007,61.27,4.7,3.02,7.27,OK
2026-08-02 16:00:00,M007,70.64,3.9,2.59,6.27,OK
2026-08-02 20:00:00,M007,70.07,3.73,2.38,8.22,OK
2026-08-03 00:00:00,M007,70.86,4.55,2.36,4.98,OK
2026-08-03 04:00:00,M007,55.45,4.12,3.19,7.68,OK
2026-08-03 08:00:00,M007,116.1,4.25,2.66,6.33,CRITICAL
2026-08-03 12:00:00,M007,71.45,4.07,1.61,5.65,OK
2026-08-03 16:00:00,M007,72.31,4.6,2.54,7.19,OK
2026-08-03 20:00:00,M007,71.09,4.28,3.47,8.2,OK
2026-08-04 00:00:00,M007,65.42,4.33,2.9,7.73,OK
2026-08-04 04:00:00,M007,72.85,4.67,2.05,9.32,OK
2026-08-04 08:00:00,M007,75.2,3.94,2.42,7.79,OK
2026-08-04 12:00:00,M007,71.13,4.04,2.1,7.28,OK
2026-08-04 16:00:00,M007,66.71,4.72,2.33,7.53,OK
2026-08-04 20:00:00,M007,71.17,4.49,2.36,8.77,OK
2026-08-05 00:00:00,M007,64.49,4.43,1.56,8.26,OK
2026-08-05 04:00:00,M007,63.66,4.1,2.43,6.85,OK
2026-08-05 08:00:00,M007,78.4,4.13,2.76,6.98,OK
2026-08-05 12:00:00,M007,63.0,4.27,3.05,5.53,OK
2026-08-05 16:00:00,M007,74.41,4.12,2.6,9.42,OK
2026-08-05 20:00:00,M007,64.89,4.33,2.83,6.03,OK
2026-08-06 00:00:00,M007,73.19,4.35,2.5,8.79,OK
2026-08-06 04:00:00,M007,71.1,4.21,2.29,8.15,OK
2026-08-06 08:00:00,M007,63.88,4.33,2.4,7.63,OK
2026-08-06 12:00:00,M007,105.49,4.11,2.88,6.45,WARNING
2026-08-06 16:00:00,M007,59.77,4.36,3.01,5.52,OK
2026-08-06 20:00:00,M007,66.95,3.99,2.65,7.97,OK
2026-08-07 00:00:00,M007,71.14,4.35,2.7,7.8,OK
2026-08-07 04:00:00,M007,65.36,4.51,3.12,7.32,OK
2026-08-07 08:00:00,M007,67.16,4.51,2.99,6.4,OK
2026-08-07 12:00:00,M007,80.82,4.29,2.6,9.1,OK
2026-08-07 16:00:00,M007,66.76,4.49,3.25,6.74,OK
2026-08-07 20:00:00,M007,67.69,4.45,2.4,5.31,OK
2026-08-08 00:00:00,M007,67.54,3.88,3.28,10.27,OK
2026-08-08 04:00:00,M007,70.31,3.99,2.5,9.83,OK
2026-08-08 08:00:00,M007,74.76,3.41,2.45,7.62,OK
2026-08-08 12:00:00,M007,61.97,4.75,2.05,9.22,OK
2026-08-08 16:00:00,M007,68.86,4.28,2.25,7.39,OK
2026-08-08 20:00:00,M007,63.28,4.12,2.8,7.82,OK
2026-08-09 00:00:00,M007,69.06,4.43,2.91,7.47,OK
2026-08-09 04:00:00,M007,59.64,4.42,2.61,7.09,OK
2026-08-09 08:00:00,M007,85.2,4.53,2.4,8.43,OK
2026-08-09 12:00:00,M007,68.71,4.43,1.98,6.81,OK
2026-08-09 16:00:00,M007,61.97,4.82,2.01,5.24,OK
2026-08-09 20:00:00,M007,68.66,4.18,2.29,8.19,OK
2026-08-10 00:00:00,M007,64.21,3.81,2.55,6.15,OK
2026-08-10 04:00:00,M007,76.09,4.27,2.6,6.43,OK
2026-08-10 08:00:00,M007,70.03,3.81,1.97,6.33,OK
2026-08-10 12:00:00,M007,64.43,4.37,2.58,6.54,OK
2026-08-10 16:00:00,M007,69.24,4.2,2.56,7.18,OK
2026-08-10 20:00:00,M007,63.93,4.17,2.92,7.89,OK
2026-08-11 00:00:00,M007,57.05,4.43,1.87,5.97,OK
2026-08-11 04:00:00,M007,72.56,4.32,1.88,7.86,OK
2026-08-11 08:00:00,M007,66.67,4.45,1.85,7.76,OK
2026-08-11 12:00:00,M007,63.44,4.27,2.54,6.88,OK
2026-08-11 16:00:00,M007,69.07,4.16,2.38,9.58,OK
2026-08-11 20:00:00,M007,63.9,4.12,2.49,6.17,OK
2026-08-12 00:00:00,M007,66.19,4.97,2.36,5.19,OK
2026-08-12 04:00:00,M007,65.62,4.55,2.92,7.44,OK
2026-08-12 08:00:00,M007,71.02,4.06,2.55,10.05,OK
2026-08-12 12:00:00,M007,71.73,4.3,2.67,8.75,OK
2026-08-12 16:00:00,M007,70.96,4.21,2.5,10.89,OK
2026-08-12 20:00:00,M007,96.11,4.87,2.24,6.8,OK
2026-08-13 00:00:00,M007,66.36,4.39,2.09,5.5,OK
2026-08-13 04:00:00,M007,61.38,3.97,2.79,6.97,OK
2026-08-13 08:00:00,M007,68.05,4.18,2.91,8.23,OK
2026-08-13 12:00:00,M007,72.78,3.94,3.43,6.76,OK
2026-08-13 16:00:00,M007,64.66,3.99,2.46,6.5,OK
2026-08-13 20:00:00,M007,67.07,4.48,2.71,7.55,OK
2026-08-14 00:00:00,M007,75.56,4.36,2.28,6.99,OK
2026-08-14 04:00:00,M007,67.59,4.75,3.12,9.24,OK
2026-08-14 08:00:00,M007,109.42,4.64,2.78,7.99,WARNING
2026-08-14 12:00:00,M007,68.1,3.88,2.32,5.69,OK
2026-08-14 16:00:00,M007,74.7,4.06,2.52,6.11,OK
2026-08-14 20:00:00,M007,67.71,4.08,2.61,7.83,OK
2026-08-15 00:00:00,M007,98.99,4.32,2.15,8.55,OK
2026-08-15 04:00:00,M007,72.5,4.17,3.36,8.96,OK
2026-08-15 08:00:00,M007,62.92,4.69,2.62,8.79,OK
2026-08-15 12:00:00,M007,103.17,4.31,2.2,9.62,WARNING
2026-08-15 16:00:00,M007,69.54,4.25,2.46,6.98,OK
2026-08-15 20:00:00,M007,67.88,4.47,2.59,7.07,OK
2026-08-16 00:00:00,M007,61.32,3.97,1.81,7.46,OK
2026-08-16 04:00:00,M007,80.79,4.33,2.32,6.92,OK
2026-08-16 08:00:00,M007,73.96,4.49,1.96,6.69,OK
2026-08-16 12:00:00,M007,82.54,4.11,2.46,8.38,OK
2026-08-16 16:00:00,M007,55.92,4.26,2.55,9.2,OK
2026-08-16 20:00:00,M007,58.57,5.36,2.88,7.37,OK
2026-08-17 00:00:00,M007,73.81,4.4,2.88,9.52,OK
2026-08-17 04:00:00,M007,63.63,4.42,2.02,8.36,OK
2026-08-17 08:00:00,M007,94.42,4.36,2.36,6.82,OK
2026-08-17 12:00:00,M007,77.0,4.12,2.43,5.62,OK
2026-08-17 16:00:00,M007,69.57,5.8,2.91,9.01,OK
2026-08-17 20:00:00,M007,72.35,4.42,3.25,9.21,OK
2026-08-18 00:00:00,M007,62.11,4.31,2.4,7.92,OK
2026-08-18 04:00:00,M007,73.71,3.55,2.7,9.11,OK
2026-08-18 08:00:00,M007,69.88,4.23,2.83,7.67,OK
2026-08-18 12:00:00,M007,71.67,4.23,2.48,6.99,OK
2026-08-18 16:00:00,M007,61.52,3.91,3.0,6.02,OK
2026-08-18 20:00:00,M007,72.72,4.41,3.52,4.87,OK
2026-08-19 00:00:00,M007,75.23,4.22,2.68,7.34,OK
2026-08-19 04:00:00,M007,65.16,4.47,2.88,8.99,OK
2026-08-19 08:00:00,M007,83.52,4.55,2.4,8.18,OK
2026-08-19 12:00:00,M007,68.19,4.21,2.63,9.04,OK
2026-08-19 16:00:00,M007,58.81,4.15,3.1,8.37,OK
2026-08-19 20:00:00,M007,66.09,4.33,2.45,8.82,OK
2026-08-20 00:00:00,M007,76.07,4.38,2.61,8.32,OK
2026-08-20 04:00:00,M007,65.52,4.14,1.95,8.68,OK
2026-08-20 08:00:00,M007,118.11,3.79,2.59,8.22,CRITICAL
2026-08-20 12:00:00,M007,73.08,4.09,1.92,7.48,OK
2026-08-20 16:00:00,M007,97.31,4.25,2.13,7.72,OK
2026-08-20 20:00:00,M007,66.56,4.47,3.35,9.02,OK
2026-08-21 00:00:00,M007,73.54,3.82,8.27,7.67,CRITICAL
2026-08-21 04:00:00,M007,72.25,3.92,3.3,6.71,OK
2026-08-21 08:00:00,M007,74.19,3.46,2.54,8.99,OK
2026-08-21 12:00:00,M007,56.35,4.33,1.87,9.03,OK
2026-08-21 16:00:00,M007,67.94,4.29,2.16,8.42,OK
2026-08-21 20:00:00,M007,67.97,4.3,2.36,9.93,OK
2026-08-22 00:00:00,M007,74.04,4.37,2.8,8.55,OK
2026-08-22 04:00:00,M007,68.04,4.37,2.63,8.37,OK
2026-08-22 08:00:00,M007,70.96,5.36,2.76,5.91,OK
2026-08-22 12:00:00,M007,61.52,5.02,2.67,8.34,OK
2026-08-22 16:00:00,M007,96.43,4.12,2.09,6.66,OK
2026-08-22 20:00:00,M007,68.4,3.87,2.47,7.25,OK
2026-08-23 00:00:00,M007,66.88,3.88,2.36,7.21,OK
2026-08-23 04:00:00,M007,67.77,3.8,2.84,6.84,OK
2026-08-23 08:00:00,M007,63.91,4.22,2.76,7.29,OK
2026-08-23 12:00:00,M007,67.3,3.82,2.8,6.75,OK
2026-08-23 16:00:00,M007,69.44,4.36,2.88,7.81,OK
2026-08-23 20:00:00,M007,63.01,4.03,2.71,8.49,OK
2026-08-24 00:00:00,M007,63.82,3.71,6.85,9.48,WARNING
2026-08-24 04:00:00,M007,71.4,3.84,2.39,9.39,OK
2026-08-24 08:00:00,M007,70.45,4.07,2.65,8.4,OK
2026-08-24 12:00:00,M007,76.67,4.09,2.09,7.97,OK
2026-08-24 16:00:00,M007,82.87,3.87,2.6,9.15,OK
2026-08-24 20:00:00,M007,65.54,4.29,2.8,8.19,OK
2026-08-25 00:00:00,M007,66.5,4.69,3.38,10.06,OK
2026-08-25 04:00:00,M007,72.82,4.14,3.13,7.67,OK
2026-08-25 08:00:00,M007,67.73,4.34,2.72,7.89,OK
2026-08-25 12:00:00,M007,61.75,4.37,2.3,6.08,OK
2026-08-25 16:00:00,M007,58.37,4.13,3.09,7.13,OK
2026-08-25 20:00:00,M007,74.14,3.54,3.32,8.43,OK
2026-08-26 00:00:00,M007,69.07,4.16,2.88,8.96,OK
2026-08-26 04:00:00,M007,67.75,4.14,3.04,9.18,OK
2026-08-26 08:00:00,M007,104.59,4.04,2.57,6.87,WARNING
2026-08-26 12:00:00,M007,64.18,4.23,3.0,8.77,OK
2026-08-26 16:00:00,M007,75.9,4.33,1.89,7.04,OK
2026-08-26 20:00:00,M007,68.71,4.25,3.07,7.45,OK
2026-08-27 00:00:00,M007,103.24,3.86,2.51,8.67,WARNING
2026-08-27 04:00:00,M007,72.88,4.45,2.55,8.15,OK
2026-08-27 08:00:00,M007,69.98,4.45,2.16,7.43,OK
2026-08-27 12:00:00,M007,66.3,4.54,2.41,7.32,OK
2026-08-27 16:00:00,M007,70.63,4.38,2.84,10.18,OK
2026-08-27 20:00:00,M007,65.51,3.99,2.66,9.17,OK
2026-08-28 00:00:00,M007,67.25,3.82,3.04,5.46,OK
2026-08-28 04:00:00,M007,68.08,3.93,2.62,8.88,OK
2026-08-28 08:00:00,M007,64.98,4.33,2.76,6.71,OK
2026-08-28 12:00:00,M007,64.54,4.4,2.32,6.49,OK
2026-08-28 16:00:00,M007,69.71,4.32,1.92,6.32,OK
2026-08-28 20:00:00,M007,70.99,4.26,2.0,7.41,OK
2026-08-29 00:00:00,M007,60.24,4.57,2.59,5.56,OK
2026-08-29 04:00:00,M007,70.07,4.1,2.93,7.77,OK
2026-08-29 08:00:00,M007,66.21,4.0,8.09,7.42,CRITICAL
2026-08-29 12:00:00,M007,62.27,4.13,2.86,10.44,OK
2026-08-29 16:00:00,M007,64.68,4.05,2.95,7.09,OK
2026-08-29 20:00:00,M007,67.2,4.03,2.94,5.7,OK
2026-08-30 00:00:00,M007,75.2,4.57,2.83,7.57,OK
2026-08-30 04:00:00,M007,109.85,3.98,2.6,7.81,WARNING
2026-08-30 08:00:00,M007,66.82,4.26,2.38,7.43,OK
2026-08-30 12:00:00,M007,65.5,4.48,2.93,8.59,OK
2026-08-30 16:00:00,M007,70.45,4.2,2.98,6.59,OK
2026-08-30 20:00:00,M007,73.17,3.99,6.26,7.41,WARNING
2026-08-31 00:00:00,M007,106.3,4.04,3.05,5.15,WARNING
2026-08-31 04:00:00,M007,66.53,4.2,3.05,8.07,OK
2026-08-31 08:00:00,M007,63.03,4.21,2.62,7.21,OK
2026-08-31 12:00:00,M007,58.95,4.04,2.83,8.72,OK
2026-08-31 16:00:00,M007,63.31,4.49,2.4,4.77,OK
2026-08-31 20:00:00,M007,77.23,4.19,2.56,6.2,OK
2026-09-01 00:00:00,M007,70.56,4.11,7.89,5.47,WARNING
2026-09-01 04:00:00,M007,64.32,4.22,2.49,8.19,OK
2026-09-01 08:00:00,M007,70.34,4.57,2.65,8.65,OK
2026-09-01 12:00:00,M007,70.01,4.53,2.83,8.57,OK
2026-09-01 16:00:00,M007,68.77,4.52,1.68,7.71,OK
2026-09-01 20:00:00,M007,65.41,4.14,3.36,8.88,OK
2026-09-02 00:00:00,M007,79.03,4.43,2.32,5.99,OK
2026-09-02 04:00:00,M007,71.17,4.16,2.83,8.2,OK
2026-09-02 08:00:00,M007,66.87,4.1,3.07,7.33,OK
2026-09-02 12:00:00,M007,54.43,4.49,2.49,6.63,OK
2026-09-02 16:00:00,M007,69.83,4.55,2.82,7.3,OK
2026-09-02 20:00:00,M007,74.01,4.16,2.69,8.37,OK
2026-09-03 00:00:00,M007,67.83,4.39,3.13,6.04,OK
2026-09-03 04:00:00,M007,66.39,4.12,2.06,8.25,OK
2026-09-03 08:00:00,M007,74.67,3.98,2.29,9.17,OK
2026-09-03 12:00:00,M007,68.85,4.14,2.95,9.07,OK
2026-09-03 16:00:00,M007,67.24,4.04,2.55,8.67,OK
2026-09-03 20:00:00,M007,69.73,4.09,2.34,8.16,OK
2026-09-04 00:00:00,M007,66.63,4.63,2.06,7.45,OK
2026-09-04 04:00:00,M007,77.88,4.26,2.31,5.48,OK
2026-09-04 08:00:00,M007,67.91,3.66,2.59,8.9,OK
2026-09-04 12:00:00,M007,64.76,4.27,2.13,9.69,OK
2026-09-04 16:00:00,M007,68.95,4.33,2.32,6.03,OK
2026-09-04 20:00:00,M007,70.4,3.98,2.99,6.04,OK
2026-08-01 00:00:00,M008,77.54,3.87,1.91,13.02,OK
2026-08-01 04:00:00,M008,79.83,3.7,1.78,12.38,OK
2026-08-01 08:00:00,M008,71.82,3.76,1.02,11.44,OK
2026-08-01 12:00:00,M008,82.29,3.91,1.38,12.09,OK
2026-08-01 16:00:00,M008,68.91,3.4,1.47,9.12,OK
2026-08-01 20:00:00,M008,71.6,4.09,1.15,10.71,OK
2026-08-02 00:00:00,M008,83.11,4.09,1.6,13.15,OK
2026-08-02 04:00:00,M008,73.11,3.67,1.21,11.38,OK
2026-08-02 08:00:00,M008,70.71,3.63,1.9,11.68,OK
2026-08-02 12:00:00,M008,77.05,3.63,1.7,11.65,OK
2026-08-02 16:00:00,M008,78.39,4.09,2.13,12.48,OK
2026-08-02 20:00:00,M008,90.16,5.56,1.88,12.28,OK
2026-08-03 00:00:00,M008,82.92,3.91,1.41,11.54,OK
2026-08-03 04:00:00,M008,81.98,3.9,1.72,11.79,OK
2026-08-03 08:00:00,M008,77.72,4.11,2.15,11.44,OK
2026-08-03 12:00:00,M008,76.22,3.98,1.4,11.54,OK
2026-08-03 16:00:00,M008,79.65,3.77,1.34,11.6,OK
2026-08-03 20:00:00,M008,82.61,4.15,1.92,11.27,OK
2026-08-04 00:00:00,M008,69.3,3.33,1.62,12.29,OK
2026-08-04 04:00:00,M008,83.89,3.92,1.17,12.48,OK
2026-08-04 08:00:00,M008,77.65,3.58,2.04,11.44,OK
2026-08-04 12:00:00,M008,84.29,3.61,1.53,11.45,OK
2026-08-04 16:00:00,M008,76.59,3.96,1.51,10.73,OK
2026-08-04 20:00:00,M008,70.67,3.59,1.81,12.26,OK
2026-08-05 00:00:00,M008,81.74,3.69,1.67,10.07,OK
2026-08-05 04:00:00,M008,81.22,3.25,1.37,11.72,OK
2026-08-05 08:00:00,M008,82.43,3.65,1.45,12.1,OK
2026-08-05 12:00:00,M008,79.76,3.79,1.64,12.63,OK
2026-08-05 16:00:00,M008,83.73,4.0,1.26,10.71,OK
2026-08-05 20:00:00,M008,79.62,4.15,1.83,11.12,OK
2026-08-06 00:00:00,M008,79.36,3.98,2.03,10.57,OK
2026-08-06 04:00:00,M008,81.47,4.07,2.16,12.44,OK
2026-08-06 08:00:00,M008,83.84,3.75,1.8,12.74,OK
2026-08-06 12:00:00,M008,78.6,3.69,1.55,13.23,OK
2026-08-06 16:00:00,M008,81.98,3.79,1.12,13.19,OK
2026-08-06 20:00:00,M008,92.78,3.83,1.3,10.72,OK
2026-08-07 00:00:00,M008,105.47,4.14,1.26,12.12,WARNING
2026-08-07 04:00:00,M008,77.47,3.41,6.19,12.93,WARNING
2026-08-07 08:00:00,M008,79.82,4.31,1.8,12.29,OK
2026-08-07 12:00:00,M008,64.92,3.68,1.61,10.98,OK
2026-08-07 16:00:00,M008,73.72,3.71,1.09,12.78,OK
2026-08-07 20:00:00,M008,79.34,4.07,1.57,11.48,OK
2026-08-08 00:00:00,M008,77.18,4.01,1.38,12.76,OK
2026-08-08 04:00:00,M008,74.12,4.14,1.35,12.79,OK
2026-08-08 08:00:00,M008,79.8,3.86,1.9,14.14,OK
2026-08-08 12:00:00,M008,82.12,4.11,1.38,9.37,OK
2026-08-08 16:00:00,M008,78.05,3.7,2.0,12.34,OK
2026-08-08 20:00:00,M008,79.44,3.6,1.75,12.88,OK
2026-08-09 00:00:00,M008,73.09,3.72,1.67,11.78,OK
2026-08-09 04:00:00,M008,61.55,3.8,2.52,14.09,OK
2026-08-09 08:00:00,M008,70.58,3.53,1.51,11.71,OK
2026-08-09 12:00:00,M008,77.33,3.56,1.06,10.13,OK
2026-08-09 16:00:00,M008,76.83,3.52,2.26,11.23,OK
2026-08-09 20:00:00,M008,77.53,3.97,1.64,12.36,OK
2026-08-10 00:00:00,M008,78.89,4.06,1.86,12.35,OK
2026-08-10 04:00:00,M008,76.97,3.87,1.97,11.34,OK
2026-08-10 08:00:00,M008,71.11,3.96,2.17,9.97,OK
2026-08-10 12:00:00,M008,86.35,3.75,1.63,12.84,OK
2026-08-10 16:00:00,M008,86.46,3.52,1.44,10.82,OK
2026-08-10 20:00:00,M008,74.37,3.7,1.37,11.36,OK
2026-08-11 00:00:00,M008,73.36,3.87,1.69,11.26,OK
2026-08-11 04:00:00,M008,71.87,3.6,1.17,13.2,OK
2026-08-11 08:00:00,M008,77.09,4.01,1.8,11.22,OK
2026-08-11 12:00:00,M008,74.21,3.71,1.16,10.82,OK
2026-08-11 16:00:00,M008,74.61,4.03,1.77,11.08,OK
2026-08-11 20:00:00,M008,73.03,3.65,1.14,10.15,OK
2026-08-12 00:00:00,M008,82.35,4.43,1.57,11.62,OK
2026-08-12 04:00:00,M008,80.4,3.55,1.74,12.18,OK
2026-08-12 08:00:00,M008,87.4,3.55,1.88,8.48,OK
2026-08-12 12:00:00,M008,70.58,3.78,1.93,9.7,OK
2026-08-12 16:00:00,M008,79.3,3.54,1.41,13.8,OK
2026-08-12 20:00:00,M008,75.97,3.7,0.91,11.12,OK
2026-08-13 00:00:00,M008,77.85,4.39,1.6,13.24,OK
2026-08-13 04:00:00,M008,73.27,3.78,1.95,10.97,OK
2026-08-13 08:00:00,M008,82.62,3.85,1.53,9.52,OK
2026-08-13 12:00:00,M008,79.98,4.11,1.11,11.78,OK
2026-08-13 16:00:00,M008,80.81,3.9,1.46,10.75,OK
2026-08-13 20:00:00,M008,75.08,3.84,1.66,12.41,OK
2026-08-14 00:00:00,M008,77.57,3.39,1.47,11.32,OK
2026-08-14 04:00:00,M008,88.52,3.77,1.74,10.23,OK
2026-08-14 08:00:00,M008,67.46,3.85,1.93,11.65,OK
2026-08-14 12:00:00,M008,85.12,3.84,1.62,12.05,OK
2026-08-14 16:00:00,M008,,4.24,2.23,12.95,OK
2026-08-14 20:00:00,M008,86.86,3.66,0.65,13.17,OK
2026-08-15 00:00:00,M008,83.15,3.84,0.77,11.96,OK
2026-08-15 04:00:00,M008,76.24,3.59,1.2,14.14,OK
2026-08-15 08:00:00,M008,72.24,3.99,2.3,10.09,OK
2026-08-15 12:00:00,M008,85.36,4.34,1.5,12.74,OK
2026-08-15 16:00:00,M008,80.5,3.89,1.24,11.37,OK
2026-08-15 20:00:00,M008,79.24,4.08,1.25,11.24,OK
2026-08-16 00:00:00,M008,76.27,4.11,2.06,13.27,OK
2026-08-16 04:00:00,M008,81.43,3.72,2.17,11.29,OK
2026-08-16 08:00:00,M008,80.05,4.03,2.64,11.04,OK
2026-08-16 12:00:00,M008,76.55,3.83,1.17,12.3,OK
2026-08-16 16:00:00,M008,76.4,3.83,1.68,13.26,OK
2026-08-16 20:00:00,M008,116.82,4.11,2.12,14.06,CRITICAL
2026-08-17 00:00:00,M008,71.77,3.82,2.81,12.29,OK
2026-08-17 04:00:00,M008,72.34,4.36,2.02,12.34,OK
2026-08-17 08:00:00,M008,78.68,3.06,2.56,12.15,OK
2026-08-17 12:00:00,M008,80.88,3.72,1.1,12.27,OK
2026-08-17 16:00:00,M008,83.25,3.72,1.43,11.48,OK
2026-08-17 20:00:00,M008,78.3,3.89,2.06,14.14,OK
2026-08-18 00:00:00,M008,74.03,3.84,1.83,12.92,OK
2026-08-18 04:00:00,M008,83.45,4.05,1.58,10.93,OK
2026-08-18 08:00:00,M008,79.74,3.48,1.39,12.22,OK
2026-08-18 12:00:00,M008,73.53,3.84,1.75,10.91,OK
2026-08-18 16:00:00,M008,68.86,3.45,1.43,10.35,OK
2026-08-18 20:00:00,M008,75.73,4.36,1.76,11.49,OK
2026-08-19 00:00:00,M008,74.49,3.64,1.04,12.05,OK
2026-08-19 04:00:00,M008,82.52,3.7,1.75,10.0,OK
2026-08-19 08:00:00,M008,88.2,4.06,1.54,15.77,OK
2026-08-19 12:00:00,M008,75.93,3.49,1.7,12.0,OK
2026-08-19 16:00:00,M008,78.78,4.04,1.0,11.03,OK
2026-08-19 20:00:00,M008,116.83,3.75,1.25,12.33,CRITICAL
2026-08-20 00:00:00,M008,74.33,3.64,1.77,8.3,OK
2026-08-20 04:00:00,M008,83.16,3.72,1.37,11.87,OK
2026-08-20 08:00:00,M008,75.04,3.72,1.19,10.54,OK
2026-08-20 12:00:00,M008,80.94,4.02,1.99,12.29,OK
2026-08-20 16:00:00,M008,71.92,3.45,2.3,14.05,OK
2026-08-20 20:00:00,M008,83.27,3.51,0.81,14.53,OK
2026-08-21 00:00:00,M008,79.47,3.45,1.26,12.06,OK
2026-08-21 04:00:00,M008,75.63,3.69,1.2,9.74,OK
2026-08-21 08:00:00,M008,77.46,3.76,1.41,9.34,OK
2026-08-21 12:00:00,M008,73.1,3.73,2.06,12.57,OK
2026-08-21 16:00:00,M008,68.24,3.75,1.51,13.4,OK
2026-08-21 20:00:00,M008,,3.8,1.93,9.88,OK
2026-08-22 00:00:00,M008,75.06,4.0,1.95,11.12,OK
2026-08-22 04:00:00,M008,85.61,4.03,1.73,13.53,OK
2026-08-22 08:00:00,M008,72.25,3.79,1.15,13.16,OK
2026-08-22 12:00:00,M008,86.65,3.44,1.12,11.18,OK
2026-08-22 16:00:00,M008,73.18,3.49,2.05,12.89,OK
2026-08-22 20:00:00,M008,70.92,3.95,1.45,11.26,OK
2026-08-23 00:00:00,M008,79.65,3.67,1.67,10.32,OK
2026-08-23 04:00:00,M008,75.53,4.42,0.88,10.44,OK
2026-08-23 08:00:00,M008,80.66,3.75,1.39,12.03,OK
2026-08-23 12:00:00,M008,81.6,3.84,1.51,9.96,OK
2026-08-23 16:00:00,M008,78.54,3.61,1.58,10.28,OK
2026-08-23 20:00:00,M008,72.63,3.75,1.81,11.68,OK
2026-08-24 00:00:00,M008,82.55,3.54,1.86,12.78,OK
2026-08-24 04:00:00,M008,74.07,3.96,1.17,12.05,OK
2026-08-24 08:00:00,M008,76.76,3.71,1.12,11.14,OK
2026-08-24 12:00:00,M008,75.34,3.28,1.35,13.03,OK
2026-08-24 16:00:00,M008,79.66,4.09,1.78,10.28,OK
2026-08-24 20:00:00,M008,82.02,3.72,1.65,10.27,OK
2026-08-25 00:00:00,M008,77.61,3.95,1.4,10.81,OK
2026-08-25 04:00:00,M008,76.57,3.75,1.78,11.84,OK
2026-08-25 08:00:00,M008,77.56,3.41,1.74,11.26,OK
2026-08-25 12:00:00,M008,67.32,3.62,1.64,13.82,OK
2026-08-25 16:00:00,M008,70.37,3.9,1.79,10.87,OK
2026-08-25 20:00:00,M008,67.95,3.91,1.43,13.31,OK
2026-08-26 00:00:00,M008,76.51,4.03,1.91,12.5,OK
2026-08-26 04:00:00,M008,70.87,4.05,1.88,11.06,OK
2026-08-26 08:00:00,M008,72.83,3.63,1.2,13.39,OK
2026-08-26 12:00:00,M008,80.04,3.6,1.11,13.32,OK
2026-08-26 16:00:00,M008,71.57,3.52,0.78,10.61,OK
2026-08-26 20:00:00,M008,75.81,3.79,1.8,11.64,OK
2026-08-27 00:00:00,M008,90.98,4.06,1.16,12.37,OK
2026-08-27 04:00:00,M008,71.61,3.92,2.0,12.53,OK
2026-08-27 08:00:00,M008,104.08,4.03,2.01,11.85,WARNING
2026-08-27 12:00:00,M008,111.48,3.81,1.27,12.38,WARNING
2026-08-27 16:00:00,M008,80.79,3.91,7.2,11.3,WARNING
2026-08-27 20:00:00,M008,80.02,3.94,2.11,11.92,OK
2026-08-28 00:00:00,M008,82.57,4.1,2.1,12.38,OK
2026-08-28 04:00:00,M008,74.34,4.16,1.83,10.86,OK
2026-08-28 08:00:00,M008,72.99,4.2,2.33,13.14,OK
2026-08-28 12:00:00,M008,78.79,3.97,1.89,11.04,OK
2026-08-28 16:00:00,M008,75.58,3.95,1.34,10.35,OK
2026-08-28 20:00:00,M008,77.24,3.68,2.11,12.95,OK
2026-08-29 00:00:00,M008,80.0,3.88,1.64,12.18,OK
2026-08-29 04:00:00,M008,72.21,4.47,1.48,12.17,OK
2026-08-29 08:00:00,M008,77.12,3.6,1.77,9.95,OK
2026-08-29 12:00:00,M008,68.46,3.63,2.15,16.91,OK
2026-08-29 16:00:00,M008,72.91,5.69,1.16,10.48,OK
2026-08-29 20:00:00,M008,77.07,3.55,1.33,11.19,OK
2026-08-30 00:00:00,M008,80.03,4.0,1.08,11.57,OK
2026-08-30 04:00:00,M008,77.67,4.1,1.71,11.41,OK
2026-08-30 08:00:00,M008,76.69,3.5,2.09,13.21,OK
2026-08-30 12:00:00,M008,71.36,3.36,1.33,11.5,OK
2026-08-30 16:00:00,M008,81.36,3.8,0.86,12.79,OK
2026-08-30 20:00:00,M008,73.02,3.11,1.17,12.51,OK
2026-08-31 00:00:00,M008,75.37,3.52,1.8,11.44,OK
2026-08-31 04:00:00,M008,77.36,3.88,1.67,11.84,OK
2026-08-31 08:00:00,M008,73.49,3.73,2.42,10.31,OK
2026-08-31 12:00:00,M008,82.52,3.75,1.5,12.91,OK
2026-08-31 16:00:00,M008,75.87,3.8,1.58,11.99,OK
2026-08-31 20:00:00,M008,78.18,3.82,1.09,12.0,OK
2026-09-01 00:00:00,M008,78.58,4.3,1.82,13.67,OK
2026-09-01 04:00:00,M008,73.49,3.63,1.86,11.93,OK
2026-09-01 08:00:00,M008,85.25,3.56,1.87,12.56,OK
2026-09-01 12:00:00,M008,79.97,3.74,1.56,10.18,OK
2026-09-01 16:00:00,M008,74.44,3.67,2.36,9.63,OK
2026-09-01 20:00:00,M008,73.95,3.58,1.61,8.85,OK
2026-09-02 00:00:00,M008,84.71,3.68,1.5,11.22,OK
2026-09-02 04:00:00,M008,80.87,4.1,2.28,12.23,OK
2026-09-02 08:00:00,M008,78.9,3.38,1.71,10.08,OK
2026-09-02 12:00:00,M008,77.11,3.87,1.67,10.84,OK
2026-09-02 16:00:00,M008,71.16,3.79,2.04,13.09,OK
2026-09-02 20:00:00,M008,73.86,3.48,1.54,12.69,OK
2026-09-03 00:00:00,M008,82.42,3.68,1.37,10.91,OK
2026-09-03 04:00:00,M008,77.42,4.15,2.13,9.95,OK
2026-09-03 08:00:00,M008,78.78,3.4,2.18,12.55,OK
2026-09-03 12:00:00,M008,75.58,3.71,1.07,12.86,OK
2026-09-03 16:00:00,M008,79.32,3.83,1.16,11.15,OK
2026-09-03 20:00:00,M008,78.2,3.45,1.86,11.93,OK
2026-09-04 00:00:00,M008,91.29,3.88,1.57,10.75,OK
2026-09-04 04:00:00,M008,74.78,3.78,1.03,13.54,OK
2026-09-04 08:00:00,M008,74.62,3.91,1.93,12.5,OK
2026-09-04 12:00:00,M008,75.5,3.8,0.95,12.16,OK
2026-09-04 16:00:00,M008,81.13,4.1,1.27,13.67,OK
2026-09-04 20:00:00,M008,69.93,3.9,1.3,13.37,OK
2026-08-01 00:00:00,M009,75.21,4.7,1.98,10.82,OK
2026-08-01 04:00:00,M009,73.6,4.91,2.54,10.65,OK
2026-08-01 08:00:00,M009,82.84,5.16,3.0,12.2,OK
2026-08-01 12:00:00,M009,74.81,4.6,2.0,11.74,OK
2026-08-01 16:00:00,M009,75.74,4.44,2.68,12.88,OK
2026-08-01 20:00:00,M009,80.47,4.44,2.55,9.75,OK
2026-08-02 00:00:00,M009,108.53,4.68,3.58,10.74,WARNING
2026-08-02 04:00:00,M009,73.4,4.59,2.02,10.27,OK
2026-08-02 08:00:00,M009,75.09,4.55,2.62,9.41,OK
2026-08-02 12:00:00,M009,75.94,4.72,2.59,13.26,OK
2026-08-02 16:00:00,M009,72.49,4.41,2.93,9.53,OK
2026-08-02 20:00:00,M009,65.85,4.54,3.0,10.59,OK
2026-08-03 00:00:00,M009,84.02,4.63,2.68,10.34,OK
2026-08-03 04:00:00,M009,77.54,4.45,2.87,10.85,OK
2026-08-03 08:00:00,M009,75.42,4.54,3.8,10.54,OK
2026-08-03 12:00:00,M009,72.86,4.45,2.79,11.13,OK
2026-08-03 16:00:00,M009,107.01,4.74,2.82,11.67,WARNING
2026-08-03 20:00:00,M009,65.67,4.21,3.02,12.18,OK
2026-08-04 00:00:00,M009,73.3,4.73,2.14,9.03,OK
2026-08-04 04:00:00,M009,78.55,4.55,2.48,10.69,OK
2026-08-04 08:00:00,M009,67.62,4.57,2.68,8.87,OK
2026-08-04 12:00:00,M009,67.34,4.89,2.4,11.73,OK
2026-08-04 16:00:00,M009,61.33,4.37,2.6,10.79,OK
2026-08-04 20:00:00,M009,75.78,4.65,2.95,11.63,OK
2026-08-05 00:00:00,M009,88.72,4.35,2.44,11.44,OK
2026-08-05 04:00:00,M009,64.19,5.05,2.57,11.85,OK
2026-08-05 08:00:00,M009,77.47,4.73,2.8,9.08,OK
2026-08-05 12:00:00,M009,79.55,4.69,2.14,10.48,OK
2026-08-05 16:00:00,M009,75.99,3.91,2.68,11.47,OK
2026-08-05 20:00:00,M009,77.37,4.36,3.13,10.29,OK
2026-08-06 00:00:00,M009,71.83,4.51,3.51,9.53,OK
2026-08-06 04:00:00,M009,78.53,5.22,3.22,10.58,OK
2026-08-06 08:00:00,M009,99.95,4.55,2.15,9.8,OK
2026-08-06 12:00:00,M009,66.59,4.7,2.68,9.69,OK
2026-08-06 16:00:00,M009,70.71,4.67,3.04,9.42,OK
2026-08-06 20:00:00,M009,75.45,4.66,2.87,8.93,OK
2026-08-07 00:00:00,M009,76.43,4.97,2.18,10.9,OK
2026-08-07 04:00:00,M009,66.04,4.56,2.94,10.7,OK
2026-08-07 08:00:00,M009,77.25,4.58,7.78,12.45,WARNING
2026-08-07 12:00:00,M009,72.43,4.7,2.45,10.18,OK
2026-08-07 16:00:00,M009,73.55,4.15,2.89,10.5,OK
2026-08-07 20:00:00,M009,79.83,4.64,1.74,10.57,OK
2026-08-08 00:00:00,M009,73.97,4.53,1.91,11.88,OK
2026-08-08 04:00:00,M009,78.46,4.33,2.71,9.65,OK
2026-08-08 08:00:00,M009,74.65,4.71,2.34,10.24,OK
2026-08-08 12:00:00,M009,69.85,4.39,2.76,9.7,OK
2026-08-08 16:00:00,M009,64.94,4.28,2.89,10.01,OK
2026-08-08 20:00:00,M009,69.5,4.77,2.14,11.92,OK
2026-08-09 00:00:00,M009,85.81,6.0,2.87,9.84,OK
2026-08-09 04:00:00,M009,83.6,4.2,2.54,11.9,OK
2026-08-09 08:00:00,M009,69.94,4.19,2.4,9.17,OK
2026-08-09 12:00:00,M009,101.46,4.64,2.44,9.08,WARNING
2026-08-09 16:00:00,M009,73.99,4.14,2.6,9.87,OK
2026-08-09 20:00:00,M009,79.57,6.65,2.28,9.73,WARNING
2026-08-10 00:00:00,M009,77.29,4.5,3.2,10.35,OK
2026-08-10 04:00:00,M009,72.48,4.89,2.4,9.44,OK
2026-08-10 08:00:00,M009,76.36,4.43,2.62,9.7,OK
2026-08-10 12:00:00,M009,77.28,4.66,2.66,10.16,OK
2026-08-10 16:00:00,M009,70.08,4.9,2.69,10.08,OK
2026-08-10 20:00:00,M009,70.21,4.7,2.42,9.25,OK
2026-08-11 00:00:00,M009,76.28,4.67,3.34,7.82,OK
2026-08-11 04:00:00,M009,72.8,5.11,2.39,11.3,OK
2026-08-11 08:00:00,M009,66.02,4.47,3.02,10.43,OK
2026-08-11 12:00:00,M009,72.45,5.05,2.71,12.39,OK
2026-08-11 16:00:00,M009,75.3,4.96,2.8,11.82,OK
2026-08-11 20:00:00,M009,74.41,4.6,2.27,11.79,OK
2026-08-12 00:00:00,M009,77.85,4.79,2.32,10.79,OK
2026-08-12 04:00:00,M009,78.07,4.73,2.73,11.01,OK
2026-08-12 08:00:00,M009,73.69,4.55,3.17,9.47,OK
2026-08-12 12:00:00,M009,64.97,4.88,2.72,10.92,OK
2026-08-12 16:00:00,M009,73.25,4.33,2.78,9.8,OK
2026-08-12 20:00:00,M009,77.1,4.57,2.73,10.64,OK
2026-08-13 00:00:00,M009,77.43,4.33,2.53,9.04,OK
2026-08-13 04:00:00,M009,77.28,4.49,2.28,11.44,OK
2026-08-13 08:00:00,M009,73.45,4.6,2.39,10.56,OK
2026-08-13 12:00:00,M009,80.53,4.75,3.37,9.51,OK
2026-08-13 16:00:00,M009,73.24,4.21,2.29,8.55,OK
2026-08-13 20:00:00,M009,80.8,4.82,2.0,11.08,OK
2026-08-14 00:00:00,M009,74.49,4.7,2.38,10.14,OK
2026-08-14 04:00:00,M009,74.3,4.37,1.96,9.94,OK
2026-08-14 08:00:00,M009,63.96,4.76,2.69,9.56,OK
2026-08-14 12:00:00,M009,120.73,4.95,2.56,9.31,CRITICAL
2026-08-14 16:00:00,M009,83.65,4.8,2.38,10.64,OK
2026-08-14 20:00:00,M009,67.56,4.77,3.34,11.18,OK
2026-08-15 00:00:00,M009,75.4,4.71,2.14,9.31,OK
2026-08-15 04:00:00,M009,69.94,4.41,2.2,11.12,OK
2026-08-15 08:00:00,M009,70.65,4.73,3.73,11.01,OK
2026-08-15 12:00:00,M009,78.27,4.82,2.47,11.81,OK
2026-08-15 16:00:00,M009,108.1,4.41,2.59,11.36,WARNING
2026-08-15 20:00:00,M009,76.17,4.35,2.56,11.47,OK
2026-08-16 00:00:00,M009,85.27,4.48,2.85,10.67,OK
2026-08-16 04:00:00,M009,72.82,4.24,2.64,11.43,OK
2026-08-16 08:00:00,M009,77.51,4.64,2.4,9.77,OK
2026-08-16 12:00:00,M009,83.18,4.78,2.31,8.63,OK
2026-08-16 16:00:00,M009,77.32,4.61,2.94,8.44,OK
2026-08-16 20:00:00,M009,73.25,4.62,2.56,10.66,OK
2026-08-17 00:00:00,M009,76.27,5.08,2.69,11.65,OK
2026-08-17 04:00:00,M009,77.12,4.64,2.82,11.39,OK
2026-08-17 08:00:00,M009,73.12,4.45,2.2,9.95,OK
2026-08-17 12:00:00,M009,77.25,5.16,2.98,11.7,OK
2026-08-17 16:00:00,M009,75.13,4.76,2.39,9.84,OK
2026-08-17 20:00:00,M009,68.63,4.58,2.08,10.44,OK
2026-08-18 00:00:00,M009,76.69,4.72,2.17,10.05,OK
2026-08-18 04:00:00,M009,77.36,4.87,2.57,11.73,OK
2026-08-18 08:00:00,M009,86.41,4.5,3.5,11.28,OK
2026-08-18 12:00:00,M009,81.74,4.38,2.59,7.78,OK
2026-08-18 16:00:00,M009,70.53,4.6,3.82,12.42,OK
2026-08-18 20:00:00,M009,72.92,4.7,7.53,8.74,WARNING
2026-08-19 00:00:00,M009,70.63,4.63,3.01,10.26,OK
2026-08-19 04:00:00,M009,72.83,4.8,2.34,12.67,OK
2026-08-19 08:00:00,M009,77.37,4.98,3.0,9.48,OK
2026-08-19 12:00:00,M009,85.2,4.75,2.48,9.28,OK
2026-08-19 16:00:00,M009,73.29,4.38,2.95,10.09,OK
2026-08-19 20:00:00,M009,74.97,4.48,2.7,10.29,OK
2026-08-20 00:00:00,M009,77.47,4.59,2.92,9.18,OK
2026-08-20 04:00:00,M009,75.42,4.58,3.27,10.01,OK
2026-08-20 08:00:00,M009,100.17,4.59,2.33,13.48,WARNING
2026-08-20 12:00:00,M009,73.61,4.51,3.06,8.34,OK
2026-08-20 16:00:00,M009,81.36,4.56,2.82,10.39,OK
2026-08-20 20:00:00,M009,73.61,4.88,2.32,10.38,OK
2026-08-21 00:00:00,M009,71.7,4.68,2.35,9.96,OK
2026-08-21 04:00:00,M009,78.13,4.63,2.75,9.36,OK
2026-08-21 08:00:00,M009,87.56,4.48,2.15,9.5,OK
2026-08-21 12:00:00,M009,70.31,4.43,3.11,11.55,OK
2026-08-21 16:00:00,M009,83.21,6.58,2.68,12.6,WARNING
2026-08-21 20:00:00,M009,73.18,4.28,2.06,8.29,OK
2026-08-22 00:00:00,M009,70.95,5.09,2.51,8.47,OK
2026-08-22 04:00:00,M009,72.95,4.42,2.6,10.48,OK
2026-08-22 08:00:00,M009,78.12,4.6,2.52,9.24,OK
2026-08-22 12:00:00,M009,78.21,4.66,2.75,9.48,OK
2026-08-22 16:00:00,M009,76.26,4.77,3.52,10.69,OK
2026-08-22 20:00:00,M009,84.67,5.02,2.45,11.22,OK
2026-08-23 00:00:00,M009,80.17,4.87,2.68,13.33,OK
2026-08-23 04:00:00,M009,81.98,4.63,2.72,9.7,OK
2026-08-23 08:00:00,M009,74.12,4.76,2.79,9.84,OK
2026-08-23 12:00:00,M009,82.0,4.99,2.38,10.37,OK
2026-08-23 16:00:00,M009,81.24,4.86,2.26,9.98,OK
2026-08-23 20:00:00,M009,76.62,4.75,2.75,9.57,OK
2026-08-24 00:00:00,M009,74.03,4.86,2.1,10.68,OK
2026-08-24 04:00:00,M009,82.84,4.79,1.9,11.14,OK
2026-08-24 08:00:00,M009,118.62,4.52,2.65,9.67,CRITICAL
2026-08-24 12:00:00,M009,66.52,4.9,2.58,10.55,OK
2026-08-24 16:00:00,M009,102.26,4.91,2.7,10.96,WARNING
2026-08-24 20:00:00,M009,71.4,4.64,2.35,9.09,OK
2026-08-25 00:00:00,M009,71.32,5.13,2.81,10.29,OK
2026-08-25 04:00:00,M009,82.39,4.72,2.19,9.21,OK
2026-08-25 08:00:00,M009,75.59,4.58,3.27,9.18,OK
2026-08-25 12:00:00,M009,104.61,6.1,3.22,12.65,WARNING
2026-08-25 16:00:00,M009,74.12,4.75,2.49,10.13,OK
2026-08-25 20:00:00,M009,78.42,4.21,3.28,10.52,OK
2026-08-26 00:00:00,M009,70.03,4.39,2.55,11.19,OK
2026-08-26 04:00:00,M009,72.68,4.94,2.58,9.36,OK
2026-08-26 08:00:00,M009,79.89,4.51,2.47,7.56,OK
2026-08-26 12:00:00,M009,68.12,4.49,2.64,8.92,OK
2026-08-26 16:00:00,M009,77.57,6.4,2.03,10.42,WARNING
2026-08-26 20:00:00,M009,59.52,4.94,2.78,8.57,OK
2026-08-27 00:00:00,M009,70.76,4.79,2.33,9.04,OK
2026-08-27 04:00:00,M009,78.07,4.48,2.47,10.72,OK
2026-08-27 08:00:00,M009,78.88,4.79,2.82,8.43,OK
2026-08-27 12:00:00,M009,74.42,4.07,2.04,11.78,OK
2026-08-27 16:00:00,M009,99.32,4.7,2.51,12.21,OK
2026-08-27 20:00:00,M009,75.49,4.56,2.46,10.75,OK
2026-08-28 00:00:00,M009,77.71,4.92,2.41,10.11,OK
2026-08-28 04:00:00,M009,75.23,4.87,2.43,11.42,OK
2026-08-28 08:00:00,M009,78.17,4.43,2.73,10.71,OK
2026-08-28 12:00:00,M009,72.47,4.66,2.36,10.45,OK
2026-08-28 16:00:00,M009,70.79,5.22,2.61,8.95,OK
2026-08-28 20:00:00,M009,67.79,4.86,2.49,11.14,OK
2026-08-29 00:00:00,M009,65.98,4.45,2.55,13.07,OK
2026-08-29 04:00:00,M009,71.22,4.44,6.59,12.15,WARNING
2026-08-29 08:00:00,M009,74.87,4.38,2.53,9.65,OK
2026-08-29 12:00:00,M009,73.51,4.74,2.3,11.17,OK
2026-08-29 16:00:00,M009,73.4,5.12,7.77,8.98,WARNING
2026-08-29 20:00:00,M009,81.01,4.5,3.21,9.09,OK
2026-08-30 00:00:00,M009,85.96,4.58,2.76,12.64,OK
2026-08-30 04:00:00,M009,66.42,4.45,2.98,8.42,OK
2026-08-30 08:00:00,M009,79.83,4.74,3.2,11.0,OK
2026-08-30 12:00:00,M009,74.41,4.69,1.8,10.09,OK
2026-08-30 16:00:00,M009,75.53,4.42,1.93,11.18,OK
2026-08-30 20:00:00,M009,66.89,4.79,3.17,11.58,OK
2026-08-31 00:00:00,M009,77.22,4.75,1.57,9.99,OK
2026-08-31 04:00:00,M009,76.56,4.56,2.23,10.33,OK
2026-08-31 08:00:00,M009,75.04,4.92,2.5,8.62,OK
2026-08-31 12:00:00,M009,68.28,5.1,2.94,10.01,OK
2026-08-31 16:00:00,M009,85.91,4.5,3.34,10.13,OK
2026-08-31 20:00:00,M009,78.63,4.82,3.09,9.77,OK
2026-09-01 00:00:00,M009,77.47,4.6,2.73,10.46,OK
2026-09-01 04:00:00,M009,74.09,5.04,3.06,10.7,OK
2026-09-01 08:00:00,M009,69.56,4.68,2.8,9.98,OK
2026-09-01 12:00:00,M009,71.06,4.98,2.65,9.73,OK
2026-09-01 16:00:00,M009,79.12,4.33,3.12,10.34,OK
2026-09-01 20:00:00,M009,66.27,4.46,2.89,9.2,OK
2026-09-02 00:00:00,M009,72.88,4.62,3.07,11.85,OK
2026-09-02 04:00:00,M009,78.1,4.54,3.0,10.6,OK
2026-09-02 08:00:00,M009,72.55,4.63,2.53,8.55,OK
2026-09-02 12:00:00,M009,81.13,4.49,1.92,11.56,OK
2026-09-02 16:00:00,M009,76.53,4.86,2.88,11.01,OK
2026-09-02 20:00:00,M009,82.42,4.3,2.51,8.77,OK
2026-09-03 00:00:00,M009,80.33,4.71,2.47,10.19,OK
2026-09-03 04:00:00,M009,71.2,4.77,2.79,9.09,OK
2026-09-03 08:00:00,M009,77.25,4.37,2.44,9.7,OK
2026-09-03 12:00:00,M009,67.63,4.79,2.77,10.48,OK
2026-09-03 16:00:00,M009,87.3,4.94,2.54,9.73,OK
2026-09-03 20:00:00,M009,116.27,4.29,2.19,10.89,CRITICAL
2026-09-04 00:00:00,M009,76.45,4.86,1.82,8.87,OK
2026-09-04 04:00:00,M009,84.01,4.61,2.41,8.01,OK
2026-09-04 08:00:00,M009,70.91,5.18,2.95,9.12,OK
2026-09-04 12:00:00,M009,78.8,4.86,7.04,10.33,WARNING
2026-09-04 16:00:00,M009,75.45,4.63,2.13,9.95,OK
2026-09-04 20:00:00,M009,79.79,4.62,1.9,11.16,OK
2026-08-01 00:00:00,M010,81.28,3.56,0.89,9.51,OK
2026-08-01 04:00:00,M010,71.55,4.16,0.78,10.17,OK
2026-08-01 08:00:00,M010,68.68,3.53,1.75,10.79,OK
2026-08-01 12:00:00,M010,107.27,4.01,0.89,11.9,WARNING
2026-08-01 16:00:00,M010,112.27,3.81,1.41,12.6,WARNING
2026-08-01 20:00:00,M010,80.01,4.29,1.59,13.16,OK
2026-08-02 00:00:00,M010,69.34,4.72,1.45,9.05,OK
2026-08-02 04:00:00,M010,75.38,3.92,1.97,12.8,OK
2026-08-02 08:00:00,M010,70.81,3.98,1.39,10.4,OK
2026-08-02 12:00:00,M010,110.77,3.62,0.71,12.19,WARNING
2026-08-02 16:00:00,M010,74.52,4.05,1.7,12.84,OK
2026-08-02 20:00:00,M010,72.15,3.87,0.95,11.76,OK
2026-08-03 00:00:00,M010,66.08,4.38,1.72,12.64,OK
2026-08-03 04:00:00,M010,81.19,4.22,0.48,12.22,OK
2026-08-03 08:00:00,M010,63.93,4.13,1.46,12.11,OK
2026-08-03 12:00:00,M010,72.75,4.35,2.27,12.78,OK
2026-08-03 16:00:00,M010,72.73,4.61,1.07,13.06,OK
2026-08-03 20:00:00,M010,69.9,4.21,1.41,10.45,OK
2026-08-04 00:00:00,M010,73.82,,1.65,10.98,OK
2026-08-04 04:00:00,M010,73.27,3.96,1.27,12.11,OK
2026-08-04 08:00:00,M010,68.81,3.86,1.13,11.44,OK
2026-08-04 12:00:00,M010,79.11,4.3,1.01,13.15,OK
2026-08-04 16:00:00,M010,72.51,4.2,1.45,11.27,OK
2026-08-04 20:00:00,M010,76.53,5.57,1.23,12.91,OK
2026-08-05 00:00:00,M010,69.07,3.99,0.88,12.55,OK
2026-08-05 04:00:00,M010,72.85,4.08,0.87,8.99,OK
2026-08-05 08:00:00,M010,80.43,4.03,1.89,11.65,OK
2026-08-05 12:00:00,M010,72.24,4.49,1.58,11.06,OK
2026-08-05 16:00:00,M010,85.77,3.94,1.77,12.59,OK
2026-08-05 20:00:00,M010,66.72,4.32,1.43,12.08,OK
2026-08-06 00:00:00,M010,72.32,4.16,1.21,10.97,OK
2026-08-06 04:00:00,M010,77.2,3.82,2.19,11.16,OK
2026-08-06 08:00:00,M010,71.45,3.92,1.45,12.12,OK
2026-08-06 12:00:00,M010,74.14,4.08,1.43,13.88,OK
2026-08-06 16:00:00,M010,65.47,3.95,1.33,11.01,OK
2026-08-06 20:00:00,M010,75.7,4.41,0.93,11.97,OK
2026-08-07 00:00:00,M010,72.88,3.92,1.82,10.74,OK
2026-08-07 04:00:00,M010,68.71,4.56,1.26,11.81,OK
2026-08-07 08:00:00,M010,80.95,3.88,1.81,12.34,OK
2026-08-07 12:00:00,M010,77.31,4.31,2.0,11.92,OK
2026-08-07 16:00:00,M010,114.62,3.79,1.7,10.11,WARNING
2026-08-07 20:00:00,M010,74.9,4.12,1.73,12.7,OK
2026-08-08 00:00:00,M010,72.54,4.14,1.08,13.05,OK
2026-08-08 04:00:00,M010,82.28,4.23,1.79,10.43,OK
2026-08-08 08:00:00,M010,71.77,3.94,1.23,10.72,OK
2026-08-08 12:00:00,M010,74.37,4.41,1.3,11.04,OK
2026-08-08 16:00:00,M010,103.59,3.6,1.31,10.16,WARNING
2026-08-08 20:00:00,M010,77.73,4.17,1.22,9.37,OK
2026-08-09 00:00:00,M010,75.32,3.82,1.5,14.24,OK
2026-08-09 04:00:00,M010,73.14,4.03,1.85,12.57,OK
2026-08-09 08:00:00,M010,72.82,4.13,1.85,12.85,OK
2026-08-09 12:00:00,M010,72.34,3.95,0.7,11.55,OK
2026-08-09 16:00:00,M010,72.35,4.14,0.99,9.97,OK
2026-08-09 20:00:00,M010,70.14,4.59,1.08,12.09,OK
2026-08-10 00:00:00,M010,69.07,4.14,2.14,10.76,OK
2026-08-10 04:00:00,M010,76.04,3.86,1.16,11.94,OK
2026-08-10 08:00:00,M010,67.51,4.53,1.43,12.97,OK
2026-08-10 12:00:00,M010,61.88,4.38,1.4,11.93,OK
2026-08-10 16:00:00,M010,81.34,3.91,1.64,11.91,OK
2026-08-10 20:00:00,M010,78.84,4.16,5.08,13.32,OK
2026-08-11 00:00:00,M010,78.65,3.09,1.55,11.93,OK
2026-08-11 04:00:00,M010,76.02,4.0,1.97,12.61,OK
2026-08-11 08:00:00,M010,77.74,4.04,1.77,11.89,OK
2026-08-11 12:00:00,M010,84.29,3.54,6.83,10.84,WARNING
2026-08-11 16:00:00,M010,69.07,3.99,1.24,10.78,OK
2026-08-11 20:00:00,M010,64.34,4.14,1.58,12.55,OK
2026-08-12 00:00:00,M010,86.03,4.84,0.67,9.04,OK
2026-08-12 04:00:00,M010,76.15,4.0,1.09,11.03,OK
2026-08-12 08:00:00,M010,71.19,4.21,1.29,13.02,OK
2026-08-12 12:00:00,M010,74.66,3.85,1.91,13.99,OK
2026-08-12 16:00:00,M010,83.02,4.34,1.03,12.85,OK
2026-08-12 20:00:00,M010,71.57,4.52,1.33,14.21,OK
2026-08-13 00:00:00,M010,71.2,3.93,1.99,11.9,OK
2026-08-13 04:00:00,M010,77.31,4.27,1.25,11.02,OK
2026-08-13 08:00:00,M010,66.99,4.18,1.52,11.35,OK
2026-08-13 12:00:00,M010,65.97,4.22,1.78,12.06,OK
2026-08-13 16:00:00,M010,72.09,4.29,1.4,10.3,OK
2026-08-13 20:00:00,M010,70.71,3.95,1.44,10.83,OK
2026-08-14 00:00:00,M010,79.33,4.12,1.62,13.38,OK
2026-08-14 04:00:00,M010,65.49,4.12,1.81,12.1,OK
2026-08-14 08:00:00,M010,71.13,4.31,1.62,10.86,OK
2026-08-14 12:00:00,M010,71.85,3.86,1.49,13.25,OK
2026-08-14 16:00:00,M010,65.96,4.11,1.36,11.08,OK
2026-08-14 20:00:00,M010,73.16,4.2,1.77,11.74,OK
2026-08-15 00:00:00,M010,67.92,4.46,1.69,11.02,OK
2026-08-15 04:00:00,M010,79.69,4.05,1.58,12.04,OK
2026-08-15 08:00:00,M010,75.11,4.26,1.77,12.48,OK
2026-08-15 12:00:00,M010,79.58,4.43,1.32,12.14,OK
2026-08-15 16:00:00,M010,66.14,4.04,1.24,9.95,OK
2026-08-15 20:00:00,M010,72.16,4.36,2.18,12.23,OK
2026-08-16 00:00:00,M010,71.44,3.85,1.19,11.46,OK
2026-08-16 04:00:00,M010,76.01,4.17,1.25,10.43,OK
2026-08-16 08:00:00,M010,67.59,4.47,1.52,11.23,OK
2026-08-16 12:00:00,M010,79.02,4.04,0.66,11.18,OK
2026-08-16 16:00:00,M010,84.47,3.75,1.27,10.43,OK
2026-08-16 20:00:00,M010,79.09,3.97,0.97,12.25,OK
2026-08-17 00:00:00,M010,72.07,4.09,6.68,12.96,WARNING
2026-08-17 04:00:00,M010,69.35,4.26,1.55,11.17,OK
2026-08-17 08:00:00,M010,74.39,4.13,1.76,12.68,OK
2026-08-17 12:00:00,M010,74.45,4.19,1.49,11.57,OK
2026-08-17 16:00:00,M010,76.45,3.78,1.45,12.6,OK
2026-08-17 20:00:00,M010,75.35,3.63,0.79,12.32,OK
2026-08-18 00:00:00,M010,65.28,4.19,1.05,11.03,OK
2026-08-18 04:00:00,M010,62.69,4.16,1.4,11.06,OK
2026-08-18 08:00:00,M010,73.12,4.48,1.65,11.55,OK
2026-08-18 12:00:00,M010,79.12,3.84,1.38,13.11,OK
2026-08-18 16:00:00,M010,61.28,4.59,1.49,10.98,OK
2026-08-18 20:00:00,M010,67.93,3.71,0.53,9.76,OK
2026-08-19 00:00:00,M010,67.7,4.2,1.75,11.7,OK
2026-08-19 04:00:00,M010,78.66,4.54,1.95,9.1,OK
2026-08-19 08:00:00,M010,64.0,3.63,1.89,11.01,OK
2026-08-19 12:00:00,M010,68.52,4.13,0.98,9.58,OK
2026-08-19 16:00:00,M010,70.03,4.43,1.61,13.05,OK
2026-08-19 20:00:00,M010,69.89,5.36,1.14,12.16,OK
2026-08-20 00:00:00,M010,74.88,,1.1,12.33,OK
2026-08-20 04:00:00,M010,71.72,3.93,1.98,12.06,OK
2026-08-20 08:00:00,M010,69.58,3.9,1.68,12.14,OK
2026-08-20 12:00:00,M010,70.94,4.11,0.65,8.28,OK
2026-08-20 16:00:00,M010,68.42,3.59,1.27,14.03,OK
2026-08-20 20:00:00,M010,72.74,4.01,1.74,12.24,OK
2026-08-21 00:00:00,M010,77.22,3.98,1.86,10.42,OK
2026-08-21 04:00:00,M010,75.18,3.9,1.38,11.09,OK
2026-08-21 08:00:00,M010,67.01,3.8,1.48,12.09,OK
2026-08-21 12:00:00,M010,69.51,3.89,1.28,11.28,OK
2026-08-21 16:00:00,M010,76.03,4.27,5.63,12.16,OK
2026-08-21 20:00:00,M010,112.98,3.89,0.78,12.49,WARNING
2026-08-22 00:00:00,M010,73.55,3.8,0.83,12.3,OK
2026-08-22 04:00:00,M010,72.02,4.13,2.01,9.76,OK
2026-08-22 08:00:00,M010,62.42,4.68,1.22,13.23,OK
2026-08-22 12:00:00,M010,68.45,4.26,1.2,10.69,OK
2026-08-22 16:00:00,M010,73.17,3.91,1.17,13.52,OK
2026-08-22 20:00:00,M010,74.91,3.81,1.54,11.98,OK
2026-08-23 00:00:00,M010,68.63,3.79,1.46,9.97,OK
2026-08-23 04:00:00,M010,68.51,4.04,1.88,11.29,OK
2026-08-23 08:00:00,M010,66.33,3.7,1.6,12.14,OK
2026-08-23 12:00:00,M010,60.87,4.78,1.58,11.84,OK
2026-08-23 16:00:00,M010,81.35,4.23,1.07,10.21,OK
2026-08-23 20:00:00,M010,71.69,3.77,1.35,11.99,OK
2026-08-24 00:00:00,M010,73.33,3.87,1.16,9.69,OK
2026-08-24 04:00:00,M010,82.33,4.26,0.65,9.55,OK
2026-08-24 08:00:00,M010,80.75,5.66,1.29,10.18,OK
2026-08-24 12:00:00,M010,72.0,4.4,0.74,14.9,OK
2026-08-24 16:00:00,M010,70.15,4.27,1.72,10.82,OK
2026-08-24 20:00:00,M010,79.6,4.24,1.34,12.4,OK
2026-08-25 00:00:00,M010,78.21,4.12,1.95,12.72,OK
2026-08-25 04:00:00,M010,70.39,4.45,0.93,12.06,OK
2026-08-25 08:00:00,M010,72.26,4.27,1.17,10.39,OK
2026-08-25 12:00:00,M010,76.43,4.61,1.82,10.81,OK
2026-08-25 16:00:00,M010,65.57,4.0,1.59,11.6,OK
2026-08-25 20:00:00,M010,74.26,3.86,1.56,14.3,OK
2026-08-26 00:00:00,M010,63.39,4.02,0.92,10.79,OK
2026-08-26 04:00:00,M010,78.37,3.86,0.81,11.51,OK
2026-08-26 08:00:00,M010,75.23,4.22,0.94,10.56,OK
2026-08-26 12:00:00,M010,79.98,4.05,0.89,12.15,OK
2026-08-26 16:00:00,M010,76.09,4.08,1.35,14.15,OK
2026-08-26 20:00:00,M010,74.94,3.82,1.82,11.85,OK
2026-08-27 00:00:00,M010,77.92,4.24,1.44,11.63,OK
2026-08-27 04:00:00,M010,68.92,3.84,1.49,12.65,OK
2026-08-27 08:00:00,M010,71.96,4.05,1.81,11.8,OK
2026-08-27 12:00:00,M010,78.12,3.55,1.91,12.28,OK
2026-08-27 16:00:00,M010,123.22,4.04,1.42,10.9,CRITICAL
2026-08-27 20:00:00,M010,72.16,3.8,0.82,11.83,OK
2026-08-28 00:00:00,M010,76.09,3.8,1.39,11.27,OK
2026-08-28 04:00:00,M010,75.44,4.42,1.29,12.09,OK
2026-08-28 08:00:00,M010,71.0,4.03,1.83,13.29,OK
2026-08-28 12:00:00,M010,76.78,3.83,1.7,12.33,OK
2026-08-28 16:00:00,M010,80.93,4.15,0.54,13.59,OK
2026-08-28 20:00:00,M010,64.79,4.67,1.0,10.16,OK
2026-08-29 00:00:00,M010,77.61,4.18,6.07,11.7,WARNING
2026-08-29 04:00:00,M010,69.58,3.89,1.79,12.6,OK
2026-08-29 08:00:00,M010,83.41,3.81,1.31,11.78,OK
2026-08-29 12:00:00,M010,74.91,4.28,1.61,12.75,OK
2026-08-29 16:00:00,M010,78.72,3.9,1.71,12.53,OK
2026-08-29 20:00:00,M010,75.43,3.9,1.58,11.42,OK
2026-08-30 00:00:00,M010,73.67,4.1,2.15,11.22,OK
2026-08-30 04:00:00,M010,83.74,4.08,1.14,13.92,OK
2026-08-30 08:00:00,M010,66.4,3.62,1.23,11.59,OK
2026-08-30 12:00:00,M010,68.17,4.29,1.93,12.15,OK
2026-08-30 16:00:00,M010,81.54,4.15,1.13,11.48,OK
2026-08-30 20:00:00,M010,74.03,5.91,1.52,10.64,OK
2026-08-31 00:00:00,M010,82.41,4.28,1.42,10.04,OK
2026-08-31 04:00:00,M010,64.61,4.16,1.02,11.67,OK
2026-08-31 08:00:00,M010,76.44,3.9,1.47,12.88,OK
2026-08-31 12:00:00,M010,77.71,3.79,,12.4,OK
2026-08-31 16:00:00,M010,106.82,3.79,1.29,10.93,WARNING
2026-08-31 20:00:00,M010,77.55,3.91,2.22,9.39,OK
2026-09-01 00:00:00,M010,74.34,4.17,1.6,12.04,OK
2026-09-01 04:00:00,M010,76.73,4.23,1.94,13.79,OK
2026-09-01 08:00:00,M010,67.54,4.15,1.27,11.16,OK
2026-09-01 12:00:00,M010,68.56,4.02,1.06,11.44,OK
2026-09-01 16:00:00,M010,62.01,4.42,1.55,11.52,OK
2026-09-01 20:00:00,M010,72.89,3.63,1.5,13.13,OK
2026-09-02 00:00:00,M010,68.05,4.45,1.34,9.66,OK
2026-09-02 04:00:00,M010,67.53,3.8,1.81,11.97,OK
2026-09-02 08:00:00,M010,70.29,4.02,1.84,13.38,OK
2026-09-02 12:00:00,M010,82.05,4.51,1.05,13.21,OK
2026-09-02 16:00:00,M010,66.32,4.2,1.77,11.65,OK
2026-09-02 20:00:00,M010,73.68,3.84,1.24,11.86,OK
2026-09-03 00:00:00,M010,72.65,3.63,1.91,11.7,OK
2026-09-03 04:00:00,M010,75.43,4.12,1.72,12.71,OK
2026-09-03 08:00:00,M010,74.74,4.42,1.33,13.45,OK
2026-09-03 12:00:00,M010,80.9,4.49,1.05,14.31,OK
2026-09-03 16:00:00,M010,74.27,3.8,1.53,10.28,OK
2026-09-03 20:00:00,M010,103.13,4.45,0.65,11.93,WARNING
2026-09-04 00:00:00,M010,66.34,3.96,1.42,13.07,OK
2026-09-04 04:00:00,M010,70.47,4.24,1.51,10.64,OK
2026-09-04 08:00:00,M010,75.07,4.07,1.16,11.01,OK
2026-09-04 12:00:00,M010,70.66,4.34,1.47,12.83,OK
2026-09-04 16:00:00,M010,68.0,3.9,1.07,12.85,OK
2026-09-04 20:00:00,M010,80.62,4.46,1.28,12.25,OK
2026-08-01 00:00:00,M011,67.72,3.77,2.05,8.07,OK
2026-08-01 04:00:00,M011,65.36,3.93,2.01,8.47,OK
2026-08-01 08:00:00,M011,64.15,3.57,2.87,8.39,OK
2026-08-01 12:00:00,M011,73.06,3.81,1.89,5.99,OK
2026-08-01 16:00:00,M011,64.38,3.8,2.27,7.55,OK
2026-08-01 20:00:00,M011,79.76,3.66,3.12,9.24,OK
2026-08-02 00:00:00,M011,62.82,3.95,2.49,5.64,OK
2026-08-02 04:00:00,M011,64.23,3.88,2.34,7.56,OK
2026-08-02 08:00:00,M011,70.89,3.95,2.58,7.28,OK
2026-08-02 12:00:00,M011,66.57,3.9,2.44,7.6,OK
2026-08-02 16:00:00,M011,71.5,4.4,2.24,8.37,OK
2026-08-02 20:00:00,M011,62.44,4.03,2.23,6.66,OK
2026-08-03 00:00:00,M011,67.09,3.86,2.81,8.58,OK
2026-08-03 04:00:00,M011,68.55,5.21,2.63,10.63,OK
2026-08-03 08:00:00,M011,74.61,4.03,2.06,6.35,OK
2026-08-03 12:00:00,M011,72.93,3.93,2.11,7.0,OK
2026-08-03 16:00:00,M011,72.13,4.0,2.17,8.72,OK
2026-08-03 20:00:00,M011,65.07,4.02,1.96,9.16,OK
2026-08-04 00:00:00,M011,73.29,4.44,3.11,5.48,OK
2026-08-04 04:00:00,M011,64.89,4.4,3.13,6.59,OK
2026-08-04 08:00:00,M011,66.24,4.19,2.13,4.43,OK
2026-08-04 12:00:00,M011,68.3,3.68,2.0,6.45,OK
2026-08-04 16:00:00,M011,70.81,3.7,2.34,6.91,OK
2026-08-04 20:00:00,M011,98.99,3.94,2.25,6.09,OK
2026-08-05 00:00:00,M011,60.8,3.58,2.17,7.03,OK
2026-08-05 04:00:00,M011,64.23,4.08,1.94,7.14,OK
2026-08-05 08:00:00,M011,59.76,4.17,2.63,7.63,OK
2026-08-05 12:00:00,M011,74.23,4.41,2.21,7.43,OK
2026-08-05 16:00:00,M011,71.27,3.81,2.65,7.56,OK
2026-08-05 20:00:00,M011,72.01,4.19,2.78,8.09,OK
2026-08-06 00:00:00,M011,,4.05,2.67,5.88,OK
2026-08-06 04:00:00,M011,75.63,3.41,3.11,7.67,OK
2026-08-06 08:00:00,M011,68.41,3.61,2.44,8.18,OK
2026-08-06 12:00:00,M011,64.39,3.68,2.33,7.81,OK
2026-08-06 16:00:00,M011,64.28,4.25,2.01,8.41,OK
2026-08-06 20:00:00,M011,71.66,3.61,1.85,7.6,OK
2026-08-07 00:00:00,M011,68.33,3.99,2.43,7.48,OK
2026-08-07 04:00:00,M011,65.16,4.12,2.89,8.38,OK
2026-08-07 08:00:00,M011,67.85,3.72,2.99,8.51,OK
2026-08-07 12:00:00,M011,65.24,4.39,2.42,5.94,OK
2026-08-07 16:00:00,M011,68.58,3.94,3.09,5.72,OK
2026-08-07 20:00:00,M011,71.73,3.81,2.84,8.03,OK
2026-08-08 00:00:00,M011,67.81,4.18,2.46,6.72,OK
2026-08-08 04:00:00,M011,67.01,3.89,2.3,7.92,OK
2026-08-08 08:00:00,M011,75.33,3.75,1.84,7.55,OK
2026-08-08 12:00:00,M011,54.68,4.26,2.62,5.71,OK
2026-08-08 16:00:00,M011,72.36,4.06,1.89,7.39,OK
2026-08-08 20:00:00,M011,61.16,3.78,2.13,7.02,OK
2026-08-09 00:00:00,M011,72.69,4.23,2.04,9.23,OK
2026-08-09 04:00:00,M011,66.58,3.76,2.09,6.24,OK
2026-08-09 08:00:00,M011,64.94,3.94,2.44,6.8,OK
2026-08-09 12:00:00,M011,69.16,4.1,2.72,6.56,OK
2026-08-09 16:00:00,M011,68.54,4.04,2.92,6.31,OK
2026-08-09 20:00:00,M011,64.68,3.7,,8.38,OK
2026-08-10 00:00:00,M011,71.12,3.94,2.82,7.44,OK
2026-08-10 04:00:00,M011,61.65,4.19,2.96,9.25,OK
2026-08-10 08:00:00,M011,73.99,4.36,7.15,7.28,WARNING
2026-08-10 12:00:00,M011,68.5,,2.51,8.05,OK
2026-08-10 16:00:00,M011,74.22,3.54,3.14,5.27,OK
2026-08-10 20:00:00,M011,60.78,4.06,7.37,7.31,WARNING
2026-08-11 00:00:00,M011,66.16,3.86,2.27,9.7,OK
2026-08-11 04:00:00,M011,60.25,3.74,2.61,6.53,OK
2026-08-11 08:00:00,M011,60.1,3.74,2.37,7.14,OK
2026-08-11 12:00:00,M011,67.35,3.66,2.94,9.08,OK
2026-08-11 16:00:00,M011,66.31,3.44,2.71,8.64,OK
2026-08-11 20:00:00,M011,63.71,4.01,2.58,7.67,OK
2026-08-12 00:00:00,M011,71.07,4.25,2.18,7.36,OK
2026-08-12 04:00:00,M011,67.49,4.07,2.42,7.56,OK
2026-08-12 08:00:00,M011,98.67,3.93,3.24,6.17,OK
2026-08-12 12:00:00,M011,70.38,3.88,2.22,6.86,OK
2026-08-12 16:00:00,M011,65.64,4.25,2.0,5.47,OK
2026-08-12 20:00:00,M011,66.81,4.0,7.64,8.17,WARNING
2026-08-13 00:00:00,M011,66.48,4.12,2.67,8.23,OK
2026-08-13 04:00:00,M011,61.51,3.92,2.21,9.28,OK
2026-08-13 08:00:00,M011,68.03,3.93,2.59,7.65,OK
2026-08-13 12:00:00,M011,70.17,3.86,2.98,7.51,OK
2026-08-13 16:00:00,M011,61.35,3.95,2.97,7.89,OK
2026-08-13 20:00:00,M011,63.41,5.34,,4.63,OK
2026-08-14 00:00:00,M011,67.49,3.73,2.83,6.5,OK
2026-08-14 04:00:00,M011,69.88,3.91,2.37,6.9,OK
2026-08-14 08:00:00,M011,64.6,3.42,2.02,8.68,OK
2026-08-14 12:00:00,M011,63.48,4.11,2.22,8.26,OK
2026-08-14 16:00:00,M011,71.46,4.14,2.42,7.0,OK
2026-08-14 20:00:00,M011,64.1,6.09,2.53,7.37,OK
2026-08-15 00:00:00,M011,73.66,4.08,3.03,7.58,OK
2026-08-15 04:00:00,M011,71.94,4.11,8.23,6.92,CRITICAL
2026-08-15 08:00:00,M011,74.24,3.69,2.55,5.86,OK
2026-08-15 12:00:00,M011,68.34,3.77,2.25,7.77,OK
2026-08-15 16:00:00,M011,67.48,4.08,3.07,6.28,OK
2026-08-15 20:00:00,M011,62.4,3.77,2.63,6.87,OK
2026-08-16 00:00:00,M011,60.82,4.32,2.25,7.98,OK
2026-08-16 04:00:00,M011,70.96,3.91,2.69,7.32,OK
2026-08-16 08:00:00,M011,60.32,3.94,1.87,6.74,OK
2026-08-16 12:00:00,M011,60.93,4.01,3.16,7.43,OK
2026-08-16 16:00:00,M011,69.49,3.8,2.66,5.93,OK
2026-08-16 20:00:00,M011,69.55,3.47,2.0,6.75,OK
2026-08-17 00:00:00,M011,76.2,4.05,2.57,6.35,OK
2026-08-17 04:00:00,M011,67.74,4.05,2.1,7.74,OK
2026-08-17 08:00:00,M011,66.49,4.13,3.02,5.16,OK
2026-08-17 12:00:00,M011,65.59,4.03,2.04,7.22,OK
2026-08-17 16:00:00,M011,65.74,4.12,2.91,8.76,OK
2026-08-17 20:00:00,M011,80.75,4.25,2.45,6.47,OK
2026-08-18 00:00:00,M011,63.86,4.25,1.93,5.61,OK
2026-08-18 04:00:00,M011,64.18,3.76,2.49,6.82,OK
2026-08-18 08:00:00,M011,74.72,3.99,2.57,7.35,OK
2026-08-18 12:00:00,M011,57.92,3.89,2.62,7.53,OK
2026-08-18 16:00:00,M011,63.58,3.51,2.83,8.12,OK
2026-08-18 20:00:00,M011,116.48,3.55,1.86,6.81,CRITICAL
2026-08-19 00:00:00,M011,68.76,4.09,2.59,7.58,OK
2026-08-19 04:00:00,M011,66.62,4.01,1.9,7.65,OK
2026-08-19 08:00:00,M011,61.76,4.1,2.42,8.54,OK
2026-08-19 12:00:00,M011,67.25,4.42,1.83,9.11,OK
2026-08-19 16:00:00,M011,74.5,3.87,2.2,7.1,OK
2026-08-19 20:00:00,M011,63.5,3.94,1.91,7.6,OK
2026-08-20 00:00:00,M011,72.65,4.06,2.69,7.41,OK
2026-08-20 04:00:00,M011,71.54,4.26,2.15,6.73,OK
2026-08-20 08:00:00,M011,73.87,3.69,3.01,7.05,OK
2026-08-20 12:00:00,M011,77.66,3.72,2.21,9.17,OK
2026-08-20 16:00:00,M011,70.64,3.71,7.17,7.85,WARNING
2026-08-20 20:00:00,M011,74.71,3.65,3.08,9.82,OK
2026-08-21 00:00:00,M011,65.05,4.45,2.49,6.83,OK
2026-08-21 04:00:00,M011,66.9,4.47,2.73,8.56,OK
2026-08-21 08:00:00,M011,60.52,4.18,2.33,8.71,OK
2026-08-21 12:00:00,M011,68.87,3.9,2.84,6.71,OK
2026-08-21 16:00:00,M011,71.29,4.09,3.24,8.01,OK
2026-08-21 20:00:00,M011,61.32,4.27,2.08,8.46,OK
2026-08-22 00:00:00,M011,63.41,4.04,2.37,6.09,OK
2026-08-22 04:00:00,M011,66.15,4.26,1.62,8.97,OK
2026-08-22 08:00:00,M011,115.27,3.98,2.2,7.2,CRITICAL
2026-08-22 12:00:00,M011,60.48,3.86,2.73,6.76,OK
2026-08-22 16:00:00,M011,66.28,4.25,1.79,6.76,OK
2026-08-22 20:00:00,M011,67.62,4.06,2.81,9.1,OK
2026-08-23 00:00:00,M011,69.98,3.72,2.35,6.94,OK
2026-08-23 04:00:00,M011,66.04,3.98,2.7,7.79,OK
2026-08-23 08:00:00,M011,109.13,3.84,2.41,6.69,WARNING
2026-08-23 12:00:00,M011,69.4,4.34,2.97,9.91,OK
2026-08-23 16:00:00,M011,71.49,3.79,1.89,9.4,OK
2026-08-23 20:00:00,M011,73.0,4.27,2.69,9.06,OK
2026-08-24 00:00:00,M011,62.86,3.97,2.42,7.27,OK
2026-08-24 04:00:00,M011,54.74,3.86,2.18,6.53,OK
2026-08-24 08:00:00,M011,64.19,4.05,3.04,8.19,OK
2026-08-24 12:00:00,M011,69.56,4.2,2.31,6.62,OK
2026-08-24 16:00:00,M011,64.03,4.06,2.57,8.81,OK
2026-08-24 20:00:00,M011,63.37,3.8,1.74,7.92,OK
2026-08-25 00:00:00,M011,67.07,3.51,2.12,6.42,OK
2026-08-25 04:00:00,M011,60.21,3.83,7.47,6.04,WARNING
2026-08-25 08:00:00,M011,61.34,3.95,2.99,8.12,OK
2026-08-25 12:00:00,M011,70.18,4.07,2.44,7.83,OK
2026-08-25 16:00:00,M011,71.57,3.97,3.07,8.18,OK
2026-08-25 20:00:00,M011,71.22,4.4,3.35,6.02,OK
2026-08-26 00:00:00,M011,70.65,3.97,1.99,7.46,OK
2026-08-26 04:00:00,M011,70.68,3.92,2.96,8.32,OK
2026-08-26 08:00:00,M011,69.69,4.02,3.15,5.61,OK
2026-08-26 12:00:00,M011,67.97,3.64,2.28,8.79,OK
2026-08-26 16:00:00,M011,70.58,4.39,1.63,10.93,OK
2026-08-26 20:00:00,M011,67.35,4.0,2.06,6.6,OK
2026-08-27 00:00:00,M011,65.51,3.71,3.27,6.42,OK
2026-08-27 04:00:00,M011,67.4,3.99,2.58,7.42,OK
2026-08-27 08:00:00,M011,64.89,4.32,2.43,8.88,OK
2026-08-27 12:00:00,M011,67.36,3.93,2.38,4.97,OK
2026-08-27 16:00:00,M011,66.78,4.12,1.93,6.16,OK
2026-08-27 20:00:00,M011,63.5,3.72,2.62,7.06,OK
2026-08-28 00:00:00,M011,61.95,3.78,2.41,7.36,OK
2026-08-28 04:00:00,M011,65.2,4.06,2.89,9.0,OK
2026-08-28 08:00:00,M011,92.4,3.9,2.92,8.64,OK
2026-08-28 12:00:00,M011,65.02,3.67,2.73,7.91,OK
2026-08-28 16:00:00,M011,56.47,4.04,2.52,6.25,OK
2026-08-28 20:00:00,M011,62.06,4.03,2.05,6.9,OK
2026-08-29 00:00:00,M011,69.03,3.83,2.84,7.2,OK
2026-08-29 04:00:00,M011,70.59,4.03,2.67,7.18,OK
2026-08-29 08:00:00,M011,76.18,3.4,2.96,6.58,OK
2026-08-29 12:00:00,M011,74.63,4.13,2.35,5.23,OK
2026-08-29 16:00:00,M011,67.01,4.02,1.96,8.05,OK
2026-08-29 20:00:00,M011,59.5,3.84,2.74,8.04,OK
2026-08-30 00:00:00,M011,67.65,3.83,2.87,7.92,OK
2026-08-30 04:00:00,M011,63.64,3.97,3.42,8.53,OK
2026-08-30 08:00:00,M011,67.5,4.04,3.29,7.23,OK
2026-08-30 12:00:00,M011,64.56,4.21,1.82,8.22,OK
2026-08-30 16:00:00,M011,64.69,3.85,2.14,8.57,OK
2026-08-30 20:00:00,M011,75.43,3.95,2.39,7.89,OK
2026-08-31 00:00:00,M011,63.8,3.55,2.83,7.88,OK
2026-08-31 04:00:00,M011,69.94,3.88,2.66,6.61,OK
2026-08-31 08:00:00,M011,74.0,4.02,2.5,7.03,OK
2026-08-31 12:00:00,M011,66.82,4.3,3.01,6.74,OK
2026-08-31 16:00:00,M011,71.39,4.26,2.29,8.78,OK
2026-08-31 20:00:00,M011,67.35,3.44,2.33,9.19,OK
2026-09-01 00:00:00,M011,72.68,4.0,2.11,7.63,OK
2026-09-01 04:00:00,M011,78.64,4.24,2.81,7.95,OK
2026-09-01 08:00:00,M011,69.34,3.91,2.28,7.33,OK
2026-09-01 12:00:00,M011,69.68,3.35,2.25,8.62,OK
2026-09-01 16:00:00,M011,60.58,3.91,2.3,5.9,OK
2026-09-01 20:00:00,M011,68.78,4.21,2.69,8.47,OK
2026-09-02 00:00:00,M011,65.16,4.42,1.55,5.32,OK
2026-09-02 04:00:00,M011,62.09,3.72,2.84,9.02,OK
2026-09-02 08:00:00,M011,59.42,5.41,1.91,9.11,OK
2026-09-02 12:00:00,M011,61.76,4.08,2.41,6.13,OK
2026-09-02 16:00:00,M011,66.74,4.17,2.57,6.51,OK
2026-09-02 20:00:00,M011,72.54,3.8,2.75,5.5,OK
2026-09-03 00:00:00,M011,66.58,4.1,1.78,7.14,OK
2026-09-03 04:00:00,M011,67.73,3.98,1.85,6.93,OK
2026-09-03 08:00:00,M011,64.53,4.2,2.72,9.03,OK
2026-09-03 12:00:00,M011,75.33,3.95,1.66,8.59,OK
2026-09-03 16:00:00,M011,75.48,3.82,3.11,7.05,OK
2026-09-03 20:00:00,M011,67.05,3.63,2.3,8.08,OK
2026-09-04 00:00:00,M011,67.7,4.32,5.9,6.74,OK
2026-09-04 04:00:00,M011,65.98,3.97,2.85,8.05,OK
2026-09-04 08:00:00,M011,69.25,4.23,2.04,10.56,OK
2026-09-04 12:00:00,M011,61.45,4.19,3.39,6.89,OK
2026-09-04 16:00:00,M011,78.46,4.33,2.39,8.2,OK
2026-09-04 20:00:00,M011,63.37,4.24,2.98,7.32,OK
2026-08-01 00:00:00,M012,78.55,4.55,1.04,11.9,OK
2026-08-01 04:00:00,M012,77.28,4.29,1.92,10.46,OK
2026-08-01 08:00:00,M012,74.51,4.51,2.15,11.6,OK
2026-08-01 12:00:00,M012,80.49,4.17,1.01,10.87,OK
2026-08-01 16:00:00,M012,82.05,4.28,2.45,9.87,OK
2026-08-01 20:00:00,M012,72.74,4.61,2.22,12.9,OK
2026-08-02 00:00:00,M012,79.29,4.74,2.22,11.23,OK
2026-08-02 04:00:00,M012,84.13,4.36,2.1,12.04,OK
2026-08-02 08:00:00,M012,83.13,4.3,2.44,13.66,OK
2026-08-02 12:00:00,M012,79.0,4.02,1.94,13.55,OK
2026-08-02 16:00:00,M012,76.61,4.26,2.49,10.82,OK
2026-08-02 20:00:00,M012,79.26,4.12,1.59,11.36,OK
2026-08-03 00:00:00,M012,72.01,4.2,2.19,14.22,OK
2026-08-03 04:00:00,M012,81.45,4.15,2.98,11.65,OK
2026-08-03 08:00:00,M012,85.59,4.14,2.37,11.88,OK
2026-08-03 12:00:00,M012,81.63,4.38,5.63,13.3,OK
2026-08-03 16:00:00,M012,81.27,3.89,2.21,12.47,OK
2026-08-03 20:00:00,M012,80.87,4.49,1.93,10.44,OK
2026-08-04 00:00:00,M012,83.81,4.11,2.38,9.88,OK
2026-08-04 04:00:00,M012,86.36,4.23,1.71,10.58,OK
2026-08-04 08:00:00,M012,83.53,4.23,2.06,12.52,OK
2026-08-04 12:00:00,M012,115.98,4.3,1.73,12.03,CRITICAL
2026-08-04 16:00:00,M012,75.44,4.3,2.5,10.18,OK
2026-08-04 20:00:00,M012,74.2,4.58,2.01,11.21,OK
2026-08-05 00:00:00,M012,78.83,4.28,1.77,10.76,OK
2026-08-05 04:00:00,M012,81.95,4.29,2.21,11.48,OK
2026-08-05 08:00:00,M012,72.77,4.15,2.11,10.32,OK
2026-08-05 12:00:00,M012,77.05,4.0,1.76,11.45,OK
2026-08-05 16:00:00,M012,82.17,4.55,1.5,11.39,OK
2026-08-05 20:00:00,M012,83.31,4.52,3.11,11.8,OK
2026-08-06 00:00:00,M012,78.3,3.86,1.84,11.55,OK
2026-08-06 04:00:00,M012,88.35,4.33,2.15,9.74,OK
2026-08-06 08:00:00,M012,78.5,4.35,1.48,11.57,OK
2026-08-06 12:00:00,M012,85.78,3.98,1.67,13.92,OK
2026-08-06 16:00:00,M012,73.93,4.36,2.14,11.71,OK
2026-08-06 20:00:00,M012,73.04,4.61,2.92,14.01,OK
2026-08-07 00:00:00,M012,79.99,4.19,2.58,9.24,OK
2026-08-07 04:00:00,M012,76.77,4.44,2.66,10.13,OK
2026-08-07 08:00:00,M012,70.63,4.05,2.55,11.31,OK
2026-08-07 12:00:00,M012,87.34,4.07,2.75,12.12,OK
2026-08-07 16:00:00,M012,87.25,4.42,2.27,11.18,OK
2026-08-07 20:00:00,M012,128.14,3.67,2.15,12.01,CRITICAL
2026-08-08 00:00:00,M012,79.08,4.17,2.87,11.38,OK
2026-08-08 04:00:00,M012,74.62,4.52,2.35,12.19,OK
2026-08-08 08:00:00,M012,74.15,4.45,1.68,12.89,OK
2026-08-08 12:00:00,M012,75.2,4.39,2.08,10.37,OK
2026-08-08 16:00:00,M012,82.1,4.29,2.17,13.79,OK
2026-08-08 20:00:00,M012,72.3,4.24,1.82,10.84,OK
2026-08-09 00:00:00,M012,82.6,4.38,1.95,8.85,OK
2026-08-09 04:00:00,M012,77.16,4.36,1.88,13.53,OK
2026-08-09 08:00:00,M012,85.79,4.42,1.75,11.02,OK
2026-08-09 12:00:00,M012,76.32,4.36,1.26,10.17,OK
2026-08-09 16:00:00,M012,76.61,4.11,6.25,11.04,WARNING
2026-08-09 20:00:00,M012,81.37,4.13,1.43,13.21,OK
2026-08-10 00:00:00,M012,83.31,4.72,2.16,12.96,OK
2026-08-10 04:00:00,M012,79.68,6.12,2.16,10.56,OK
2026-08-10 08:00:00,M012,76.25,,1.66,12.15,OK
2026-08-10 12:00:00,M012,61.68,4.2,1.7,11.43,OK
2026-08-10 16:00:00,M012,79.64,4.42,2.41,12.23,OK
2026-08-10 20:00:00,M012,88.41,4.69,2.14,9.99,OK
2026-08-11 00:00:00,M012,71.55,4.85,6.07,11.77,WARNING
2026-08-11 04:00:00,M012,75.84,4.58,1.65,11.35,OK
2026-08-11 08:00:00,M012,81.58,4.36,2.32,10.61,OK
2026-08-11 12:00:00,M012,80.41,4.46,2.64,12.55,OK
2026-08-11 16:00:00,M012,76.03,3.96,2.65,12.22,OK
2026-08-11 20:00:00,M012,82.93,4.06,0.8,12.16,OK
2026-08-12 00:00:00,M012,83.53,4.73,2.55,13.78,OK
2026-08-12 04:00:00,M012,71.52,4.91,2.08,13.16,OK
2026-08-12 08:00:00,M012,75.91,4.27,2.24,12.97,OK
2026-08-12 12:00:00,M012,89.7,4.47,1.87,10.16,OK
2026-08-12 16:00:00,M012,69.87,4.06,2.31,12.11,OK
2026-08-12 20:00:00,M012,84.74,4.34,1.87,12.87,OK
2026-08-13 00:00:00,M012,78.66,4.22,2.16,13.72,OK
2026-08-13 04:00:00,M012,67.63,4.34,2.2,11.55,OK
2026-08-13 08:00:00,M012,73.52,3.95,1.96,12.47,OK
2026-08-13 12:00:00,M012,73.56,4.33,2.41,10.28,OK
2026-08-13 16:00:00,M012,83.74,4.7,1.97,11.27,OK
2026-08-13 20:00:00,M012,77.47,4.41,2.35,10.63,OK
2026-08-14 00:00:00,M012,70.32,4.6,1.97,12.99,OK
2026-08-14 04:00:00,M012,77.53,4.0,1.1,13.51,OK
2026-08-14 08:00:00,M012,80.95,4.21,2.25,13.4,OK
2026-08-14 12:00:00,M012,69.93,4.54,1.73,14.14,OK
2026-08-14 16:00:00,M012,73.36,5.3,2.65,9.88,OK
2026-08-14 20:00:00,M012,80.29,4.24,2.63,13.35,OK
2026-08-15 00:00:00,M012,74.97,4.62,1.25,12.22,OK
2026-08-15 04:00:00,M012,77.83,4.15,2.44,10.38,OK
2026-08-15 08:00:00,M012,78.18,4.16,2.21,11.59,OK
2026-08-15 12:00:00,M012,79.43,4.17,1.94,11.98,OK
2026-08-15 16:00:00,M012,79.85,3.94,2.43,10.99,OK
2026-08-15 20:00:00,M012,82.85,4.4,2.02,11.35,OK
2026-08-16 00:00:00,M012,88.33,4.24,1.5,9.62,OK
2026-08-16 04:00:00,M012,81.38,4.28,2.39,11.74,OK
2026-08-16 08:00:00,M012,70.31,4.37,1.98,12.62,OK
2026-08-16 12:00:00,M012,115.46,4.29,2.84,12.01,CRITICAL
2026-08-16 16:00:00,M012,78.69,4.29,2.19,12.1,OK
2026-08-16 20:00:00,M012,88.76,4.68,2.23,14.81,OK
2026-08-17 00:00:00,M012,84.97,4.12,7.25,11.37,WARNING
2026-08-17 04:00:00,M012,85.67,4.41,1.54,13.0,OK
2026-08-17 08:00:00,M012,81.05,4.75,1.73,12.42,OK
2026-08-17 12:00:00,M012,76.53,4.37,1.49,12.35,OK
2026-08-17 16:00:00,M012,87.53,4.46,7.55,10.73,WARNING
2026-08-17 20:00:00,M012,88.07,4.61,1.98,13.84,OK
2026-08-18 00:00:00,M012,87.2,5.27,1.48,10.92,OK
2026-08-18 04:00:00,M012,77.39,4.4,2.72,11.39,OK
2026-08-18 08:00:00,M012,78.52,4.54,1.98,11.84,OK
2026-08-18 12:00:00,M012,86.03,4.38,1.94,12.32,OK
2026-08-18 16:00:00,M012,70.48,3.67,2.57,12.21,OK
2026-08-18 20:00:00,M012,85.03,4.53,1.7,10.78,OK
2026-08-19 00:00:00,M012,83.92,4.46,2.0,11.01,OK
2026-08-19 04:00:00,M012,86.75,3.97,1.98,9.36,OK
2026-08-19 08:00:00,M012,73.3,4.29,1.84,11.52,OK
2026-08-19 12:00:00,M012,75.64,4.1,2.05,14.69,OK
2026-08-19 16:00:00,M012,64.19,4.09,3.01,12.4,OK
2026-08-19 20:00:00,M012,72.42,4.39,2.15,11.67,OK
2026-08-20 00:00:00,M012,82.66,4.17,2.18,11.92,OK
2026-08-20 04:00:00,M012,87.33,4.57,2.46,10.74,OK
2026-08-20 08:00:00,M012,78.65,4.2,1.47,12.72,OK
2026-08-20 12:00:00,M012,84.17,4.13,7.2,11.55,WARNING
2026-08-20 16:00:00,M012,76.03,4.57,2.41,12.99,OK
2026-08-20 20:00:00,M012,75.84,4.66,2.46,11.57,OK
2026-08-21 00:00:00,M012,77.31,4.68,1.85,11.3,OK
2026-08-21 04:00:00,M012,74.15,4.15,1.77,10.98,OK
2026-08-21 08:00:00,M012,78.21,4.88,1.99,12.41,OK
2026-08-21 12:00:00,M012,78.07,4.34,1.82,11.09,OK
2026-08-21 16:00:00,M012,88.77,4.33,2.32,12.98,OK
2026-08-21 20:00:00,M012,89.42,4.24,2.42,11.47,OK
2026-08-22 00:00:00,M012,81.1,4.39,2.15,10.88,OK
2026-08-22 04:00:00,M012,83.81,4.38,2.54,12.65,OK
2026-08-22 08:00:00,M012,83.79,,2.3,11.36,OK
2026-08-22 12:00:00,M012,75.01,3.93,1.48,11.82,OK
2026-08-22 16:00:00,M012,,4.21,1.73,11.61,OK
2026-08-22 20:00:00,M012,79.85,4.51,2.19,12.64,OK
2026-08-23 00:00:00,M012,80.51,4.75,2.74,12.04,OK
2026-08-23 04:00:00,M012,75.92,4.14,1.69,12.17,OK
2026-08-23 08:00:00,M012,76.35,4.54,2.2,11.63,OK
2026-08-23 12:00:00,M012,78.66,4.11,1.75,12.05,OK
2026-08-23 16:00:00,M012,84.22,4.55,1.26,13.29,OK
2026-08-23 20:00:00,M012,86.23,4.54,2.15,10.03,OK
2026-08-24 00:00:00,M012,73.89,4.22,1.83,10.98,OK
2026-08-24 04:00:00,M012,91.25,3.93,2.28,10.42,OK
2026-08-24 08:00:00,M012,76.66,4.2,1.95,10.39,OK
2026-08-24 12:00:00,M012,73.93,4.4,2.03,11.45,OK
2026-08-24 16:00:00,M012,81.17,4.64,2.21,13.31,OK
2026-08-24 20:00:00,M012,82.18,4.22,1.64,11.44,OK
2026-08-25 00:00:00,M012,74.14,4.03,1.75,11.01,OK
2026-08-25 04:00:00,M012,89.41,4.06,1.49,13.71,OK
2026-08-25 08:00:00,M012,80.0,4.33,1.54,8.71,OK
2026-08-25 12:00:00,M012,76.66,4.05,2.17,12.21,OK
2026-08-25 16:00:00,M012,71.16,4.57,1.98,10.82,OK
2026-08-25 20:00:00,M012,80.26,4.26,2.22,12.56,OK
2026-08-26 00:00:00,M012,69.98,4.09,2.07,10.81,OK
2026-08-26 04:00:00,M012,68.82,4.19,2.08,11.73,OK
2026-08-26 08:00:00,M012,72.0,4.18,1.81,11.34,OK
2026-08-26 12:00:00,M012,76.05,4.67,2.33,11.82,OK
2026-08-26 16:00:00,M012,74.93,4.48,2.09,11.52,OK
2026-08-26 20:00:00,M012,76.93,4.18,1.79,13.19,OK
2026-08-27 00:00:00,M012,77.24,4.14,1.94,10.74,OK
2026-08-27 04:00:00,M012,81.05,4.36,2.28,9.23,OK
2026-08-27 08:00:00,M012,80.81,3.97,2.21,10.01,OK
2026-08-27 12:00:00,M012,68.71,4.5,2.79,15.04,OK
2026-08-27 16:00:00,M012,85.95,4.24,2.47,10.68,OK
2026-08-27 20:00:00,M012,77.94,4.2,1.54,11.08,OK
2026-08-28 00:00:00,M012,81.63,4.21,2.6,10.5,OK
2026-08-28 04:00:00,M012,76.52,4.34,2.3,13.0,OK
2026-08-28 08:00:00,M012,77.08,4.65,1.49,9.76,OK
2026-08-28 12:00:00,M012,104.24,3.87,2.1,10.27,WARNING
2026-08-28 16:00:00,M012,80.92,4.59,2.42,11.5,OK
2026-08-28 20:00:00,M012,74.71,4.72,1.76,11.94,OK
2026-08-29 00:00:00,M012,75.77,4.22,1.79,11.73,OK
2026-08-29 04:00:00,M012,81.01,4.55,2.07,11.75,OK
2026-08-29 08:00:00,M012,70.18,4.12,2.42,11.17,OK
2026-08-29 12:00:00,M012,73.32,4.36,2.03,11.77,OK
2026-08-29 16:00:00,M012,77.82,4.73,2.07,9.64,OK
2026-08-29 20:00:00,M012,76.67,3.76,1.28,13.66,OK
2026-08-30 00:00:00,M012,72.73,4.46,2.02,12.33,OK
2026-08-30 04:00:00,M012,74.57,3.99,2.62,13.56,OK
2026-08-30 08:00:00,M012,108.92,4.25,2.26,11.62,WARNING
2026-08-30 12:00:00,M012,85.2,4.42,1.29,11.72,OK
2026-08-30 16:00:00,M012,81.75,4.54,2.52,11.22,OK
2026-08-30 20:00:00,M012,78.31,4.4,1.96,11.08,OK
2026-08-31 00:00:00,M012,80.5,4.38,2.28,10.66,OK
2026-08-31 04:00:00,M012,75.35,4.35,2.42,13.11,OK
2026-08-31 08:00:00,M012,72.15,4.22,2.09,11.4,OK
2026-08-31 12:00:00,M012,71.32,4.88,2.07,12.94,OK
2026-08-31 16:00:00,M012,82.25,4.24,2.68,9.89,OK
2026-08-31 20:00:00,M012,87.73,4.75,1.23,11.9,OK
2026-09-01 00:00:00,M012,84.5,4.36,2.97,12.81,OK
2026-09-01 04:00:00,M012,74.0,4.19,1.96,12.11,OK
2026-09-01 08:00:00,M012,75.94,4.8,2.18,13.2,OK
2026-09-01 12:00:00,M012,79.14,4.56,7.91,11.36,WARNING
2026-09-01 16:00:00,M012,67.18,4.24,2.46,10.77,OK
2026-09-01 20:00:00,M012,82.49,5.76,2.22,12.9,OK
2026-09-02 00:00:00,M012,81.25,6.41,2.43,12.27,WARNING
2026-09-02 04:00:00,M012,76.17,4.7,2.49,12.48,OK
2026-09-02 08:00:00,M012,83.52,4.39,1.42,11.81,OK
2026-09-02 12:00:00,M012,71.85,4.5,2.28,11.96,OK
2026-09-02 16:00:00,M012,80.56,4.22,2.56,12.02,OK
2026-09-02 20:00:00,M012,77.68,4.04,1.97,12.21,OK
2026-09-03 00:00:00,M012,75.63,4.34,2.09,11.19,OK
2026-09-03 04:00:00,M012,79.36,4.65,2.51,13.48,OK
2026-09-03 08:00:00,M012,81.2,4.6,2.62,10.76,OK
2026-09-03 12:00:00,M012,71.03,4.1,1.33,11.86,OK
2026-09-03 16:00:00,M012,80.72,4.26,6.16,12.15,WARNING
2026-09-03 20:00:00,M012,84.46,4.38,2.2,12.58,OK
2026-09-04 00:00:00,M012,71.59,4.39,2.48,10.83,OK
2026-09-04 04:00:00,M012,88.24,4.04,1.54,11.94,OK
2026-09-04 08:00:00,M012,74.08,4.15,2.7,12.81,OK
2026-09-04 12:00:00,M012,81.98,4.34,1.82,11.81,OK
2026-09-04 16:00:00,M012,74.83,4.19,2.05,12.83,OK
2026-09-04 20:00:00,M012,81.09,3.87,2.49,10.69,OK
2026-08-01 00:00:00,M013,85.19,4.57,1.56,6.69,OK
2026-08-01 04:00:00,M013,80.22,4.41,1.1,6.61,OK
2026-08-01 08:00:00,M013,84.89,4.4,1.49,7.35,OK
2026-08-01 12:00:00,M013,84.67,4.55,1.12,7.31,OK
2026-08-01 16:00:00,M013,84.26,4.51,1.99,6.33,OK
2026-08-01 20:00:00,M013,111.51,4.64,1.38,4.99,WARNING
2026-08-02 00:00:00,M013,83.73,4.93,1.39,4.94,OK
2026-08-02 04:00:00,M013,83.42,4.71,1.01,5.56,OK
2026-08-02 08:00:00,M013,79.07,4.32,1.51,8.09,OK
2026-08-02 12:00:00,M013,76.18,4.36,1.04,5.07,OK
2026-08-02 16:00:00,M013,84.28,4.52,1.86,6.26,OK
2026-08-02 20:00:00,M013,78.29,4.63,1.1,6.53,OK
2026-08-03 00:00:00,M013,89.23,4.42,1.16,9.26,OK
2026-08-03 04:00:00,M013,77.59,4.23,1.29,6.93,OK
2026-08-03 08:00:00,M013,82.87,4.62,0.24,5.45,OK
2026-08-03 12:00:00,M013,79.58,4.45,0.94,8.3,OK
2026-08-03 16:00:00,M013,77.46,4.49,1.83,7.06,OK
2026-08-03 20:00:00,M013,72.54,4.55,1.48,9.77,OK
2026-08-04 00:00:00,M013,84.25,4.24,0.85,7.65,OK
2026-08-04 04:00:00,M013,79.65,4.02,1.19,8.11,OK
2026-08-04 08:00:00,M013,76.08,4.39,1.9,5.17,OK
2026-08-04 12:00:00,M013,84.95,4.66,0.86,9.18,OK
2026-08-04 16:00:00,M013,79.19,4.54,1.45,9.67,OK
2026-08-04 20:00:00,M013,103.96,4.66,0.95,8.63,WARNING
2026-08-05 00:00:00,M013,74.14,4.93,0.82,8.41,OK
2026-08-05 04:00:00,M013,89.87,4.64,1.43,9.09,OK
2026-08-05 08:00:00,M013,86.1,4.45,1.1,6.49,OK
2026-08-05 12:00:00,M013,80.51,4.6,1.47,6.26,OK
2026-08-05 16:00:00,M013,77.25,4.92,0.67,9.96,OK
2026-08-05 20:00:00,M013,85.99,4.65,1.94,6.24,OK
2026-08-06 00:00:00,M013,78.34,4.96,1.21,9.92,OK
2026-08-06 04:00:00,M013,126.18,5.08,1.41,7.81,CRITICAL
2026-08-06 08:00:00,M013,79.32,4.15,1.43,6.7,OK
2026-08-06 12:00:00,M013,87.2,4.45,1.74,7.78,OK
2026-08-06 16:00:00,M013,83.34,4.7,1.68,5.91,OK
2026-08-06 20:00:00,M013,82.76,4.3,0.7,6.71,OK
2026-08-07 00:00:00,M013,76.4,4.68,1.54,6.12,OK
2026-08-07 04:00:00,M013,73.1,4.52,1.53,9.43,OK
2026-08-07 08:00:00,M013,83.11,4.52,1.52,6.19,OK
2026-08-07 12:00:00,M013,90.19,4.14,1.17,6.01,OK
2026-08-07 16:00:00,M013,81.07,4.82,1.41,8.52,OK
2026-08-07 20:00:00,M013,76.26,4.28,1.87,7.09,OK
2026-08-08 00:00:00,M013,128.77,4.41,1.4,7.4,CRITICAL
2026-08-08 04:00:00,M013,89.72,4.44,1.12,6.91,OK
2026-08-08 08:00:00,M013,71.94,4.28,1.37,7.5,OK
2026-08-08 12:00:00,M013,85.51,4.51,1.74,5.56,OK
2026-08-08 16:00:00,M013,73.08,4.43,1.44,8.11,OK
2026-08-08 20:00:00,M013,85.03,4.44,1.34,8.49,OK
2026-08-09 00:00:00,M013,85.21,4.8,2.21,8.38,OK
2026-08-09 04:00:00,M013,84.72,4.86,0.61,9.35,OK
2026-08-09 08:00:00,M013,80.44,4.49,1.56,8.3,OK
2026-08-09 12:00:00,M013,85.58,4.24,1.61,9.77,OK
2026-08-09 16:00:00,M013,118.57,4.33,1.83,9.5,CRITICAL
2026-08-09 20:00:00,M013,82.3,4.67,0.94,7.67,OK
2026-08-10 00:00:00,M013,84.27,4.45,1.37,9.64,OK
2026-08-10 04:00:00,M013,80.2,4.23,1.99,7.7,OK
2026-08-10 08:00:00,M013,76.17,4.51,1.02,6.48,OK
2026-08-10 12:00:00,M013,85.56,4.58,0.85,8.19,OK
2026-08-10 16:00:00,M013,80.03,4.47,2.3,6.63,OK
2026-08-10 20:00:00,M013,73.68,4.34,1.58,7.13,OK
2026-08-11 00:00:00,M013,81.21,5.78,1.41,7.81,OK
2026-08-11 04:00:00,M013,80.42,4.86,1.15,5.9,OK
2026-08-11 08:00:00,M013,85.01,4.13,1.4,7.57,OK
2026-08-11 12:00:00,M013,85.86,4.32,1.13,6.93,OK
2026-08-11 16:00:00,M013,82.92,4.05,1.14,7.41,OK
2026-08-11 20:00:00,M013,77.78,4.29,1.27,5.68,OK
2026-08-12 00:00:00,M013,79.95,4.34,2.08,6.89,OK
2026-08-12 04:00:00,M013,83.0,4.27,1.68,7.86,OK
2026-08-12 08:00:00,M013,80.59,4.86,1.33,7.55,OK
2026-08-12 12:00:00,M013,85.75,4.32,1.33,7.76,OK
2026-08-12 16:00:00,M013,74.82,4.5,0.92,6.94,OK
2026-08-12 20:00:00,M013,85.44,4.61,1.34,7.17,OK
2026-08-13 00:00:00,M013,82.89,4.65,1.41,9.05,OK
2026-08-13 04:00:00,M013,82.48,4.43,2.02,8.23,OK
2026-08-13 08:00:00,M013,82.69,4.5,1.55,8.59,OK
2026-08-13 12:00:00,M013,84.43,4.31,2.0,6.06,OK
2026-08-13 16:00:00,M013,79.13,5.84,1.05,7.7,OK
2026-08-13 20:00:00,M013,109.01,4.28,1.62,7.63,WARNING
2026-08-14 00:00:00,M013,78.44,4.4,1.82,5.49,OK
2026-08-14 04:00:00,M013,78.58,4.41,0.63,7.22,OK
2026-08-14 08:00:00,M013,73.83,4.41,1.34,6.35,OK
2026-08-14 12:00:00,M013,85.28,4.46,1.74,9.98,OK
2026-08-14 16:00:00,M013,76.8,4.35,5.34,7.38,OK
2026-08-14 20:00:00,M013,76.78,6.64,1.5,6.27,WARNING
2026-08-15 00:00:00,M013,86.03,4.92,0.93,7.58,OK
2026-08-15 04:00:00,M013,83.87,4.25,0.77,5.46,OK
2026-08-15 08:00:00,M013,126.37,4.53,1.4,7.99,CRITICAL
2026-08-15 12:00:00,M013,81.02,4.6,1.72,7.95,OK
2026-08-15 16:00:00,M013,74.93,4.31,1.38,7.64,OK
2026-08-15 20:00:00,M013,85.23,4.76,1.14,6.25,OK
2026-08-16 00:00:00,M013,76.65,4.6,0.88,5.7,OK
2026-08-16 04:00:00,M013,80.51,4.64,1.51,6.74,OK
2026-08-16 08:00:00,M013,86.1,4.58,1.76,9.61,OK
2026-08-16 12:00:00,M013,86.75,4.67,0.49,6.38,OK
2026-08-16 16:00:00,M013,91.99,4.43,1.62,9.32,OK
2026-08-16 20:00:00,M013,123.77,4.71,1.46,8.05,CRITICAL
2026-08-17 00:00:00,M013,84.75,4.68,0.82,6.81,OK
2026-08-17 04:00:00,M013,81.25,4.19,1.6,6.61,OK
2026-08-17 08:00:00,M013,83.26,4.29,1.56,7.76,OK
2026-08-17 12:00:00,M013,88.73,4.59,1.58,6.68,OK
2026-08-17 16:00:00,M013,88.34,4.45,0.79,6.54,OK
2026-08-17 20:00:00,M013,86.95,4.26,0.39,6.51,OK
2026-08-18 00:00:00,M013,86.73,4.53,1.44,8.04,OK
2026-08-18 04:00:00,M013,87.35,4.67,1.48,5.45,OK
2026-08-18 08:00:00,M013,87.3,4.25,1.26,7.83,OK
2026-08-18 12:00:00,M013,81.84,3.86,1.34,8.25,OK
2026-08-18 16:00:00,M013,84.91,4.2,1.65,7.86,OK
2026-08-18 20:00:00,M013,85.55,4.4,6.59,6.79,WARNING
2026-08-19 00:00:00,M013,84.61,4.3,1.37,6.61,OK
2026-08-19 04:00:00,M013,84.26,4.53,1.64,6.36,OK
2026-08-19 08:00:00,M013,79.39,4.22,1.2,7.01,OK
2026-08-19 12:00:00,M013,75.12,4.34,1.28,8.42,OK
2026-08-19 16:00:00,M013,81.18,4.54,1.07,8.1,OK
2026-08-19 20:00:00,M013,81.1,4.86,6.73,7.86,WARNING
2026-08-20 00:00:00,M013,80.59,4.36,6.36,7.08,WARNING
2026-08-20 04:00:00,M013,84.24,4.9,1.19,6.57,OK
2026-08-20 08:00:00,M013,78.19,4.91,1.82,5.91,OK
2026-08-20 12:00:00,M013,81.17,4.67,0.73,7.89,OK
2026-08-20 16:00:00,M013,78.31,4.7,0.81,7.83,OK
2026-08-20 20:00:00,M013,82.79,4.35,1.08,6.05,OK
2026-08-21 00:00:00,M013,77.82,4.63,0.84,6.32,OK
2026-08-21 04:00:00,M013,79.85,4.49,1.34,9.2,OK
2026-08-21 08:00:00,M013,76.72,4.68,1.83,8.93,OK
2026-08-21 12:00:00,M013,82.4,4.54,1.32,6.59,OK
2026-08-21 16:00:00,M013,82.37,4.48,1.58,9.05,OK
2026-08-21 20:00:00,M013,74.49,4.72,1.83,9.4,OK
2026-08-22 00:00:00,M013,84.43,4.8,1.85,8.63,OK
2026-08-22 04:00:00,M013,77.69,4.86,0.6,8.22,OK
2026-08-22 08:00:00,M013,71.34,4.36,1.07,8.87,OK
2026-08-22 12:00:00,M013,84.05,3.93,2.12,7.37,OK
2026-08-22 16:00:00,M013,78.37,4.4,1.01,6.56,OK
2026-08-22 20:00:00,M013,80.38,4.49,0.83,7.62,OK
2026-08-23 00:00:00,M013,83.19,4.23,1.76,7.29,OK
2026-08-23 04:00:00,M013,87.53,4.55,0.99,6.69,OK
2026-08-23 08:00:00,M013,85.82,4.5,1.62,6.37,OK
2026-08-23 12:00:00,M013,86.54,4.47,1.21,9.68,OK
2026-08-23 16:00:00,M013,72.34,4.18,1.44,8.38,OK
2026-08-23 20:00:00,M013,87.38,4.59,0.97,8.25,OK
2026-08-24 00:00:00,M013,82.05,4.34,1.21,9.23,OK
2026-08-24 04:00:00,M013,74.49,4.92,1.69,8.44,OK
2026-08-24 08:00:00,M013,85.06,4.38,1.19,8.28,OK
2026-08-24 12:00:00,M013,88.34,4.69,1.71,7.61,OK
2026-08-24 16:00:00,M013,92.41,6.46,1.61,7.49,WARNING
2026-08-24 20:00:00,M013,83.75,4.99,1.32,5.75,OK
2026-08-25 00:00:00,M013,78.85,4.56,1.45,5.8,OK
2026-08-25 04:00:00,M013,87.57,4.19,1.68,8.65,OK
2026-08-25 08:00:00,M013,78.67,4.88,1.23,6.33,OK
2026-08-25 12:00:00,M013,76.76,4.28,1.43,9.64,OK
2026-08-25 16:00:00,M013,84.23,4.78,0.41,7.64,OK
2026-08-25 20:00:00,M013,78.81,4.51,5.99,7.96,OK
2026-08-26 00:00:00,M013,85.13,4.75,1.22,6.42,OK
2026-08-26 04:00:00,M013,104.2,4.32,1.58,7.05,WARNING
2026-08-26 08:00:00,M013,78.59,4.71,1.24,7.86,OK
2026-08-26 12:00:00,M013,78.79,4.94,1.29,6.72,OK
2026-08-26 16:00:00,M013,91.96,4.59,1.34,7.74,OK
2026-08-26 20:00:00,M013,80.32,4.44,1.34,7.22,OK
2026-08-27 00:00:00,M013,83.56,4.67,1.06,9.78,OK
2026-08-27 04:00:00,M013,81.8,4.78,1.91,8.51,OK
2026-08-27 08:00:00,M013,85.84,4.47,1.05,9.44,OK
2026-08-27 12:00:00,M013,76.93,4.8,5.83,7.45,OK
2026-08-27 16:00:00,M013,88.52,4.58,0.94,7.27,OK
2026-08-27 20:00:00,M013,79.95,4.13,2.13,7.82,OK
2026-08-28 00:00:00,M013,81.23,4.41,1.56,8.62,OK
2026-08-28 04:00:00,M013,113.2,4.77,1.48,5.26,WARNING
2026-08-28 08:00:00,M013,84.68,4.74,1.76,9.48,OK
2026-08-28 12:00:00,M013,86.7,4.55,1.29,7.47,OK
2026-08-28 16:00:00,M013,78.07,4.34,2.3,7.23,OK
2026-08-28 20:00:00,M013,79.26,4.8,1.46,5.99,OK
2026-08-29 00:00:00,M013,84.2,4.65,1.49,7.94,OK
2026-08-29 04:00:00,M013,84.09,4.24,1.39,8.31,OK
2026-08-29 08:00:00,M013,86.38,4.41,1.44,6.79,OK
2026-08-29 12:00:00,M013,81.74,4.73,0.97,7.64,OK
2026-08-29 16:00:00,M013,84.83,4.03,1.01,5.66,OK
2026-08-29 20:00:00,M013,89.02,4.41,1.52,7.61,OK
2026-08-30 00:00:00,M013,79.49,4.7,1.41,7.93,OK
2026-08-30 04:00:00,M013,89.32,4.32,1.18,7.27,OK
2026-08-30 08:00:00,M013,78.07,4.53,1.27,8.65,OK
2026-08-30 12:00:00,M013,78.45,4.27,1.04,7.41,OK
2026-08-30 16:00:00,M013,85.52,4.82,0.52,5.67,OK
2026-08-30 20:00:00,M013,85.73,4.9,0.93,9.43,OK
2026-08-31 00:00:00,M013,86.66,4.7,1.97,9.26,OK
2026-08-31 04:00:00,M013,84.35,4.24,0.67,5.8,OK
2026-08-31 08:00:00,M013,78.58,4.46,1.18,8.5,OK
2026-08-31 12:00:00,M013,77.41,4.89,1.16,6.34,OK
2026-08-31 16:00:00,M013,75.73,4.69,2.15,6.02,OK
2026-08-31 20:00:00,M013,87.85,4.56,0.79,6.35,OK
2026-09-01 00:00:00,M013,81.7,4.52,1.43,7.01,OK
2026-09-01 04:00:00,M013,82.72,4.64,1.75,6.99,OK
2026-09-01 08:00:00,M013,80.77,4.46,0.85,6.49,OK
2026-09-01 12:00:00,M013,118.72,4.59,1.03,6.57,CRITICAL
2026-09-01 16:00:00,M013,83.95,4.49,0.88,7.18,OK
2026-09-01 20:00:00,M013,79.6,4.33,7.43,9.0,WARNING
2026-09-02 00:00:00,M013,83.58,4.32,1.06,7.41,OK
2026-09-02 04:00:00,M013,77.95,5.02,2.07,6.93,OK
2026-09-02 08:00:00,M013,68.74,4.66,1.29,8.05,OK
2026-09-02 12:00:00,M013,85.18,4.4,1.14,5.71,OK
2026-09-02 16:00:00,M013,77.98,4.42,2.15,7.17,OK
2026-09-02 20:00:00,M013,87.9,4.74,1.49,3.48,OK
2026-09-03 00:00:00,M013,86.91,4.59,0.8,9.33,OK
2026-09-03 04:00:00,M013,84.18,4.38,1.84,8.27,OK
2026-09-03 08:00:00,M013,84.63,4.85,1.69,7.7,OK
2026-09-03 12:00:00,M013,81.83,4.46,0.71,7.98,OK
2026-09-03 16:00:00,M013,93.43,4.71,1.02,7.82,OK
2026-09-03 20:00:00,M013,67.8,4.28,1.25,6.32,OK
2026-09-04 00:00:00,M013,111.28,4.49,1.07,6.34,WARNING
2026-09-04 04:00:00,M013,81.94,4.27,0.83,7.28,OK
2026-09-04 08:00:00,M013,82.12,4.99,1.44,6.7,OK
2026-09-04 12:00:00,M013,75.83,4.63,1.31,5.72,OK
2026-09-04 16:00:00,M013,79.89,4.81,1.76,8.67,OK
2026-09-04 20:00:00,M013,76.13,4.26,1.04,9.22,OK
2026-08-01 00:00:00,M014,100.24,4.55,2.95,8.69,WARNING
2026-08-01 04:00:00,M014,66.29,4.51,3.3,10.35,OK
2026-08-01 08:00:00,M014,67.09,4.35,1.98,9.75,OK
2026-08-01 12:00:00,M014,74.59,4.12,3.01,12.15,OK
2026-08-01 16:00:00,M014,69.53,4.48,2.09,12.64,OK
2026-08-01 20:00:00,M014,66.17,4.85,2.41,10.34,OK
2026-08-02 00:00:00,M014,73.14,4.26,3.18,10.61,OK
2026-08-02 04:00:00,M014,67.38,4.11,2.82,9.61,OK
2026-08-02 08:00:00,M014,76.39,4.62,3.7,10.23,OK
2026-08-02 12:00:00,M014,73.72,4.77,3.1,10.28,OK
2026-08-02 16:00:00,M014,76.12,4.42,5.86,11.1,OK
2026-08-02 20:00:00,M014,72.6,4.49,2.83,10.46,OK
2026-08-03 00:00:00,M014,70.46,4.72,2.46,10.98,OK
2026-08-03 04:00:00,M014,75.44,4.59,3.26,11.72,OK
2026-08-03 08:00:00,M014,72.17,4.1,2.94,11.58,OK
2026-08-03 12:00:00,M014,72.34,3.97,3.26,8.79,OK
2026-08-03 16:00:00,M014,76.18,5.1,3.26,10.21,OK
2026-08-03 20:00:00,M014,69.21,4.08,2.74,9.97,OK
2026-08-04 00:00:00,M014,69.74,4.65,3.23,9.45,OK
2026-08-04 04:00:00,M014,74.65,4.86,2.89,9.18,OK
2026-08-04 08:00:00,M014,80.84,4.5,3.34,9.67,OK
2026-08-04 12:00:00,M014,67.54,5.0,3.03,9.81,OK
2026-08-04 16:00:00,M014,83.89,4.46,3.84,10.87,OK
2026-08-04 20:00:00,M014,71.45,4.47,2.46,9.84,OK
2026-08-05 00:00:00,M014,85.7,3.96,2.37,9.5,OK
2026-08-05 04:00:00,M014,72.66,4.2,2.3,12.32,OK
2026-08-05 08:00:00,M014,72.63,4.29,2.73,10.33,OK
2026-08-05 12:00:00,M014,78.83,4.61,2.61,10.14,OK
2026-08-05 16:00:00,M014,69.57,4.99,2.09,10.62,OK
2026-08-05 20:00:00,M014,79.73,4.47,2.38,8.61,OK
2026-08-06 00:00:00,M014,79.13,4.95,3.55,9.5,OK
2026-08-06 04:00:00,M014,82.72,4.29,2.77,9.26,OK
2026-08-06 08:00:00,M014,67.15,4.87,3.15,9.61,OK
2026-08-06 12:00:00,M014,73.55,4.65,1.9,9.61,OK
2026-08-06 16:00:00,M014,80.0,4.26,3.19,8.73,OK
2026-08-06 20:00:00,M014,77.82,4.37,2.62,10.77,OK
2026-08-07 00:00:00,M014,74.43,4.13,3.2,9.43,OK
2026-08-07 04:00:00,M014,69.59,4.18,3.11,10.89,OK
2026-08-07 08:00:00,M014,119.4,4.79,2.98,9.39,CRITICAL
2026-08-07 12:00:00,M014,66.75,4.55,2.89,9.14,OK
2026-08-07 16:00:00,M014,77.79,4.73,2.54,10.2,OK
2026-08-07 20:00:00,M014,76.69,4.57,2.97,8.63,OK
2026-08-08 00:00:00,M014,70.29,4.72,2.33,9.41,OK
2026-08-08 04:00:00,M014,74.99,4.04,2.7,7.82,OK
2026-08-08 08:00:00,M014,75.05,4.65,3.25,8.05,OK
2026-08-08 12:00:00,M014,73.29,3.72,2.36,10.54,OK
2026-08-08 16:00:00,M014,83.52,4.75,2.7,12.54,OK
2026-08-08 20:00:00,M014,70.09,4.4,3.18,9.88,OK
2026-08-09 00:00:00,M014,66.31,4.4,2.52,9.64,OK
2026-08-09 04:00:00,M014,69.92,4.92,3.47,10.64,OK
2026-08-09 08:00:00,M014,74.02,4.35,2.71,9.15,OK
2026-08-09 12:00:00,M014,72.46,5.8,3.01,12.73,OK
2026-08-09 16:00:00,M014,80.8,4.66,2.53,10.47,OK
2026-08-09 20:00:00,M014,84.17,4.26,3.0,7.61,OK
2026-08-10 00:00:00,M014,76.58,4.89,2.89,9.48,OK
2026-08-10 04:00:00,M014,77.65,4.56,3.08,11.45,OK
2026-08-10 08:00:00,M014,73.52,4.38,3.17,8.7,OK
2026-08-10 12:00:00,M014,80.12,4.72,3.18,10.93,OK
2026-08-10 16:00:00,M014,70.61,4.45,2.89,9.52,OK
2026-08-10 20:00:00,M014,78.42,4.5,3.96,8.82,OK
2026-08-11 00:00:00,M014,77.16,4.76,2.88,11.92,OK
2026-08-11 04:00:00,M014,66.15,4.88,2.95,11.54,OK
2026-08-11 08:00:00,M014,74.54,4.25,8.24,12.37,CRITICAL
2026-08-11 12:00:00,M014,70.43,4.94,2.8,8.92,OK
2026-08-11 16:00:00,M014,75.16,5.11,3.67,10.61,OK
2026-08-11 20:00:00,M014,78.51,4.94,2.35,10.61,OK
2026-08-12 00:00:00,M014,75.05,4.57,3.3,10.49,OK
2026-08-12 04:00:00,M014,75.19,4.32,3.24,10.44,OK
2026-08-12 08:00:00,M014,79.57,4.53,2.78,10.76,OK
2026-08-12 12:00:00,M014,71.84,4.92,2.32,10.3,OK
2026-08-12 16:00:00,M014,64.27,4.42,3.3,9.29,OK
2026-08-12 20:00:00,M014,71.86,4.81,2.39,9.37,OK
2026-08-13 00:00:00,M014,72.8,4.71,3.21,9.74,OK
2026-08-13 04:00:00,M014,68.96,4.19,3.45,9.04,OK
2026-08-13 08:00:00,M014,81.04,4.47,2.71,9.6,OK
2026-08-13 12:00:00,M014,82.2,4.67,2.72,11.1,OK
2026-08-13 16:00:00,M014,85.07,4.75,3.03,11.47,OK
2026-08-13 20:00:00,M014,80.73,4.28,2.47,10.21,OK
2026-08-14 00:00:00,M014,80.73,4.8,3.0,9.81,OK
2026-08-14 04:00:00,M014,83.68,4.7,2.46,8.44,OK
2026-08-14 08:00:00,M014,84.92,4.6,2.73,8.56,OK
2026-08-14 12:00:00,M014,74.0,4.25,2.69,9.93,OK
2026-08-14 16:00:00,M014,70.3,4.24,2.66,8.85,OK
2026-08-14 20:00:00,M014,83.32,4.66,3.04,10.81,OK
2026-08-15 00:00:00,M014,68.78,4.71,2.84,11.66,OK
2026-08-15 04:00:00,M014,70.76,4.81,1.83,12.24,OK
2026-08-15 08:00:00,M014,79.51,4.41,2.0,9.53,OK
2026-08-15 12:00:00,M014,68.51,4.66,2.76,12.28,OK
2026-08-15 16:00:00,M014,65.77,4.44,3.16,10.64,OK
2026-08-15 20:00:00,M014,75.98,4.71,2.75,7.9,OK
2026-08-16 00:00:00,M014,74.03,4.48,3.02,9.21,OK
2026-08-16 04:00:00,M014,72.74,4.98,3.27,10.29,OK
2026-08-16 08:00:00,M014,71.58,5.0,3.66,7.82,OK
2026-08-16 12:00:00,M014,107.95,4.24,3.06,8.79,WARNING
2026-08-16 16:00:00,M014,76.59,4.14,2.52,9.41,OK
2026-08-16 20:00:00,M014,73.75,4.3,3.45,9.08,OK
2026-08-17 00:00:00,M014,70.86,4.76,3.41,11.11,OK
2026-08-17 04:00:00,M014,68.93,4.72,2.99,9.85,OK
2026-08-17 08:00:00,M014,75.47,5.16,3.29,10.54,OK
2026-08-17 12:00:00,M014,83.09,4.25,2.78,7.63,OK
2026-08-17 16:00:00,M014,81.06,4.32,2.72,10.07,OK
2026-08-17 20:00:00,M014,77.76,4.64,3.1,10.84,OK
2026-08-18 00:00:00,M014,72.67,4.83,2.6,10.31,OK
2026-08-18 04:00:00,M014,73.34,4.63,2.86,9.5,OK
2026-08-18 08:00:00,M014,75.2,4.48,2.98,9.83,OK
2026-08-18 12:00:00,M014,80.87,4.62,2.78,10.66,OK
2026-08-18 16:00:00,M014,84.81,4.28,2.41,10.36,OK
2026-08-18 20:00:00,M014,70.75,4.12,2.97,8.38,OK
2026-08-19 00:00:00,M014,83.83,4.74,3.43,10.71,OK
2026-08-19 04:00:00,M014,71.82,4.41,3.21,8.75,OK
2026-08-19 08:00:00,M014,76.69,4.7,3.18,11.77,OK
2026-08-19 12:00:00,M014,69.06,4.94,2.53,10.69,OK
2026-08-19 16:00:00,M014,78.34,4.48,2.62,9.62,OK
2026-08-19 20:00:00,M014,68.19,4.23,3.16,8.39,OK
2026-08-20 00:00:00,M014,115.05,4.23,2.37,10.88,CRITICAL
2026-08-20 04:00:00,M014,71.53,4.59,2.54,11.28,OK
2026-08-20 08:00:00,M014,81.25,4.83,6.8,9.48,WARNING
2026-08-20 12:00:00,M014,67.73,4.29,2.77,11.49,OK
2026-08-20 16:00:00,M014,80.04,4.48,3.13,11.14,OK
2026-08-20 20:00:00,M014,80.86,4.86,2.68,8.72,OK
2026-08-21 00:00:00,M014,73.05,4.52,2.43,10.19,OK
2026-08-21 04:00:00,M014,76.04,4.78,2.27,8.16,OK
2026-08-21 08:00:00,M014,74.6,4.19,2.57,10.15,OK
2026-08-21 12:00:00,M014,64.46,4.61,3.1,10.63,OK
2026-08-21 16:00:00,M014,73.92,4.46,2.6,10.15,OK
2026-08-21 20:00:00,M014,76.58,4.22,3.15,8.93,OK
2026-08-22 00:00:00,M014,88.5,4.62,2.56,8.97,OK
2026-08-22 04:00:00,M014,72.87,4.6,2.85,10.34,OK
2026-08-22 08:00:00,M014,73.52,4.37,3.29,8.17,OK
2026-08-22 12:00:00,M014,67.12,4.07,3.63,10.48,OK
2026-08-22 16:00:00,M014,109.25,4.2,2.37,10.66,WARNING
2026-08-22 20:00:00,M014,78.83,4.73,2.69,10.54,OK
2026-08-23 00:00:00,M014,70.09,4.44,2.66,9.01,OK
2026-08-23 04:00:00,M014,75.54,4.06,7.41,10.12,WARNING
2026-08-23 08:00:00,M014,69.77,4.47,2.8,12.93,OK
2026-08-23 12:00:00,M014,77.24,4.33,2.34,10.82,OK
2026-08-23 16:00:00,M014,86.85,6.33,8.4,9.98,CRITICAL
2026-08-23 20:00:00,M014,72.13,4.54,2.94,7.99,OK
2026-08-24 00:00:00,M014,73.1,4.39,2.54,11.14,OK
2026-08-24 04:00:00,M014,73.4,4.16,2.8,10.7,OK
2026-08-24 08:00:00,M014,,4.44,3.21,11.01,OK
2026-08-24 12:00:00,M014,63.84,4.61,2.34,10.32,OK
2026-08-24 16:00:00,M014,79.9,4.36,2.43,10.36,OK
2026-08-24 20:00:00,M014,74.94,5.11,2.76,10.15,OK
2026-08-25 00:00:00,M014,72.24,4.65,3.03,8.34,OK
2026-08-25 04:00:00,M014,75.03,4.89,2.46,10.1,OK
2026-08-25 08:00:00,M014,71.87,4.75,3.39,12.06,OK
2026-08-25 12:00:00,M014,66.59,4.43,2.9,9.79,OK
2026-08-25 16:00:00,M014,83.86,4.74,3.1,10.39,OK
2026-08-25 20:00:00,M014,61.65,4.41,2.86,9.39,OK
2026-08-26 00:00:00,M014,69.26,4.98,3.1,8.79,OK
2026-08-26 04:00:00,M014,74.59,4.57,2.42,9.6,OK
2026-08-26 08:00:00,M014,75.35,4.15,2.4,8.5,OK
2026-08-26 12:00:00,M014,65.03,4.45,2.56,10.56,OK
2026-08-26 16:00:00,M014,82.51,4.17,2.7,10.05,OK
2026-08-26 20:00:00,M014,70.43,4.26,3.53,12.64,OK
2026-08-27 00:00:00,M014,,4.36,2.61,9.32,OK
2026-08-27 04:00:00,M014,68.21,4.32,3.26,9.88,OK
2026-08-27 08:00:00,M014,70.46,4.78,2.92,9.25,OK
2026-08-27 12:00:00,M014,78.2,4.95,2.95,11.55,OK
2026-08-27 16:00:00,M014,71.37,4.52,2.35,10.32,OK
2026-08-27 20:00:00,M014,72.16,4.71,2.97,11.66,OK
2026-08-28 00:00:00,M014,72.15,4.62,2.88,9.17,OK
2026-08-28 04:00:00,M014,75.47,4.1,3.3,10.55,OK
2026-08-28 08:00:00,M014,72.57,4.73,2.78,9.47,OK
2026-08-28 12:00:00,M014,67.61,4.89,2.26,10.1,OK
2026-08-28 16:00:00,M014,78.62,4.38,2.89,9.57,OK
2026-08-28 20:00:00,M014,63.73,4.64,3.29,12.27,OK
2026-08-29 00:00:00,M014,116.88,4.72,2.34,9.91,CRITICAL
2026-08-29 04:00:00,M014,70.1,4.7,2.98,8.89,OK
2026-08-29 08:00:00,M014,73.57,4.29,2.11,10.44,OK
2026-08-29 12:00:00,M014,109.2,4.61,2.72,8.5,WARNING
2026-08-29 16:00:00,M014,72.26,4.27,2.49,7.93,OK
2026-08-29 20:00:00,M014,75.37,4.58,2.56,9.53,OK
2026-08-30 00:00:00,M014,74.73,4.84,3.35,8.27,OK
2026-08-30 04:00:00,M014,72.77,4.47,2.67,11.18,OK
2026-08-30 08:00:00,M014,68.74,4.57,2.99,9.55,OK
2026-08-30 12:00:00,M014,75.14,4.38,3.11,8.49,OK
2026-08-30 16:00:00,M014,69.94,4.6,2.72,10.58,OK
2026-08-30 20:00:00,M014,85.99,4.65,2.32,12.43,OK
2026-08-31 00:00:00,M014,67.94,4.04,2.84,11.58,OK
2026-08-31 04:00:00,M014,73.99,4.79,3.47,9.83,OK
2026-08-31 08:00:00,M014,75.29,4.68,2.91,10.34,OK
2026-08-31 12:00:00,M014,72.05,4.34,3.4,11.1,OK
2026-08-31 16:00:00,M014,73.48,4.82,2.59,8.72,OK
2026-08-31 20:00:00,M014,67.0,3.86,3.23,8.62,OK
2026-09-01 00:00:00,M014,79.0,4.58,2.98,10.29,OK
2026-09-01 04:00:00,M014,70.14,4.43,2.96,11.13,OK
2026-09-01 08:00:00,M014,69.27,4.45,3.04,9.94,OK
2026-09-01 12:00:00,M014,68.02,4.56,2.9,8.73,OK
2026-09-01 16:00:00,M014,70.25,4.3,2.19,12.33,OK
2026-09-01 20:00:00,M014,71.95,5.65,3.43,8.42,OK
2026-09-02 00:00:00,M014,76.69,4.53,2.84,8.24,OK
2026-09-02 04:00:00,M014,75.23,4.05,2.68,9.71,OK
2026-09-02 08:00:00,M014,70.55,4.81,2.73,11.63,OK
2026-09-02 12:00:00,M014,73.19,4.55,2.69,10.04,OK
2026-09-02 16:00:00,M014,67.18,4.2,2.94,10.85,OK
2026-09-02 20:00:00,M014,77.32,4.76,2.68,9.3,OK
2026-09-03 00:00:00,M014,70.83,4.27,2.65,10.97,OK
2026-09-03 04:00:00,M014,72.84,4.46,2.77,9.58,OK
2026-09-03 08:00:00,M014,74.01,4.46,2.6,9.43,OK
2026-09-03 12:00:00,M014,62.66,4.51,2.75,9.22,OK
2026-09-03 16:00:00,M014,79.16,4.34,2.68,10.53,OK
2026-09-03 20:00:00,M014,84.46,4.73,2.92,10.13,OK
2026-09-04 00:00:00,M014,72.13,4.38,2.79,10.85,OK
2026-09-04 04:00:00,M014,74.66,4.7,3.51,9.58,OK
2026-09-04 08:00:00,M014,73.77,4.4,2.43,8.56,OK
2026-09-04 12:00:00,M014,77.21,6.26,2.49,9.6,WARNING
2026-09-04 16:00:00,M014,70.08,4.42,2.23,10.05,OK
2026-09-04 20:00:00,M014,71.03,4.79,2.44,9.03,OK
2026-08-01 00:00:00,M015,80.99,4.42,2.43,4.62,OK
2026-08-01 04:00:00,M015,72.46,4.35,2.04,6.9,OK
2026-08-01 08:00:00,M015,70.5,3.95,2.14,6.11,OK
2026-08-01 12:00:00,M015,79.51,4.65,2.56,5.11,OK
2026-08-01 16:00:00,M015,89.41,4.45,2.73,4.38,OK
2026-08-01 20:00:00,M015,84.38,3.82,2.34,6.5,OK
2026-08-02 00:00:00,M015,81.19,4.6,2.22,6.23,OK
2026-08-02 04:00:00,M015,87.39,4.42,1.82,6.58,OK
2026-08-02 08:00:00,M015,69.42,4.29,2.03,5.83,OK
2026-08-02 12:00:00,M015,92.36,4.36,1.96,6.79,OK
2026-08-02 16:00:00,M015,83.66,4.2,1.95,5.66,OK
2026-08-02 20:00:00,M015,80.04,4.23,2.68,4.97,OK
2026-08-03 00:00:00,M015,81.29,4.34,2.48,5.54,OK
2026-08-03 04:00:00,M015,80.77,4.62,2.32,6.91,OK
2026-08-03 08:00:00,M015,79.12,4.95,2.38,5.07,OK
2026-08-03 12:00:00,M015,84.94,4.35,1.88,4.75,OK
2026-08-03 16:00:00,M015,79.6,5.01,2.75,7.53,OK
2026-08-03 20:00:00,M015,83.86,4.72,2.4,4.72,OK
2026-08-04 00:00:00,M015,81.85,4.49,2.29,6.09,OK
2026-08-04 04:00:00,M015,80.9,4.43,1.95,4.82,OK
2026-08-04 08:00:00,M015,80.89,4.66,2.52,6.78,OK
2026-08-04 12:00:00,M015,73.39,4.88,3.17,6.91,OK
2026-08-04 16:00:00,M015,80.59,4.69,1.88,4.5,OK
2026-08-04 20:00:00,M015,80.02,4.43,1.86,2.84,OK
2026-08-05 00:00:00,M015,83.62,4.61,2.02,4.76,OK
2026-08-05 04:00:00,M015,83.05,4.77,2.08,7.05,OK
2026-08-05 08:00:00,M015,76.49,4.68,2.72,5.18,OK
2026-08-05 12:00:00,M015,85.21,4.58,2.21,6.77,OK
2026-08-05 16:00:00,M015,72.3,4.6,6.37,5.46,WARNING
2026-08-05 20:00:00,M015,77.22,4.4,1.9,6.48,OK
2026-08-06 00:00:00,M015,80.04,4.74,2.09,6.53,OK
2026-08-06 04:00:00,M015,86.57,4.82,2.38,7.26,OK
2026-08-06 08:00:00,M015,73.67,4.72,1.66,3.64,OK
2026-08-06 12:00:00,M015,75.72,4.03,2.25,5.79,OK
2026-08-06 16:00:00,M015,79.36,4.37,2.74,8.35,OK
2026-08-06 20:00:00,M015,82.12,4.44,2.51,8.43,OK
2026-08-07 00:00:00,M015,78.53,4.65,2.52,7.26,OK
2026-08-07 04:00:00,M015,77.64,5.0,1.7,6.37,OK
2026-08-07 08:00:00,M015,81.32,4.36,1.94,3.38,OK
2026-08-07 12:00:00,M015,81.3,4.6,2.19,5.91,OK
2026-08-07 16:00:00,M015,84.82,4.71,2.58,4.96,OK
2026-08-07 20:00:00,M015,78.82,4.62,2.82,3.6,OK
2026-08-08 00:00:00,M015,79.94,4.55,2.01,5.56,OK
2026-08-08 04:00:00,M015,81.46,4.5,2.25,4.78,OK
2026-08-08 08:00:00,M015,77.38,4.57,2.34,6.24,OK
2026-08-08 12:00:00,M015,88.56,4.22,1.52,6.44,OK
2026-08-08 16:00:00,M015,80.42,4.14,3.04,3.84,OK
2026-08-08 20:00:00,M015,77.94,4.66,2.26,7.39,OK
2026-08-09 00:00:00,M015,79.88,4.0,1.84,4.89,OK
2026-08-09 04:00:00,M015,83.5,3.94,2.04,6.25,OK
2026-08-09 08:00:00,M015,82.84,4.45,2.61,6.15,OK
2026-08-09 12:00:00,M015,89.85,4.29,1.63,5.6,OK
2026-08-09 16:00:00,M015,80.75,4.56,2.31,5.57,OK
2026-08-09 20:00:00,M015,81.31,4.25,2.88,4.48,OK
2026-08-10 00:00:00,M015,84.57,3.93,1.85,6.14,OK
2026-08-10 04:00:00,M015,80.3,4.15,2.62,6.39,OK
2026-08-10 08:00:00,M015,87.8,4.49,2.8,3.52,OK
2026-08-10 12:00:00,M015,86.94,4.68,1.46,6.63,OK
2026-08-10 16:00:00,M015,73.19,4.37,2.2,6.73,OK
2026-08-10 20:00:00,M015,79.87,4.22,1.63,6.52,OK
2026-08-11 00:00:00,M015,82.0,4.11,1.87,5.81,OK
2026-08-11 04:00:00,M015,79.32,4.69,1.94,5.94,OK
2026-08-11 08:00:00,M015,74.42,4.29,2.84,7.58,OK
2026-08-11 12:00:00,M015,76.4,4.38,3.23,5.4,OK
2026-08-11 16:00:00,M015,81.03,4.15,1.19,7.31,OK
2026-08-11 20:00:00,M015,83.24,4.65,2.71,4.67,OK
2026-08-12 00:00:00,M015,70.63,4.49,2.64,6.84,OK
2026-08-12 04:00:00,M015,89.21,4.54,2.8,4.36,OK
2026-08-12 08:00:00,M015,79.59,4.59,2.58,7.07,OK
2026-08-12 12:00:00,M015,84.76,4.0,2.83,2.79,OK
2026-08-12 16:00:00,M015,83.7,4.44,2.45,5.67,OK
2026-08-12 20:00:00,M015,65.2,4.35,2.07,5.32,OK
2026-08-13 00:00:00,M015,83.4,4.61,2.39,6.36,OK
2026-08-13 04:00:00,M015,125.57,4.6,2.62,3.72,CRITICAL
2026-08-13 08:00:00,M015,79.77,4.27,2.51,5.61,OK
2026-08-13 12:00:00,M015,82.31,6.74,2.36,5.2,WARNING
2026-08-13 16:00:00,M015,74.07,4.34,2.35,6.54,OK
2026-08-13 20:00:00,M015,76.59,4.44,2.47,6.05,OK
2026-08-14 00:00:00,M015,83.87,4.41,1.86,4.92,OK
2026-08-14 04:00:00,M015,83.08,4.36,2.06,8.23,OK
2026-08-14 08:00:00,M015,113.44,4.69,2.04,7.54,WARNING
2026-08-14 12:00:00,M015,81.6,4.57,2.19,6.12,OK
2026-08-14 16:00:00,M015,78.55,4.34,2.43,5.17,OK
2026-08-14 20:00:00,M015,83.63,4.66,1.4,4.84,OK
2026-08-15 00:00:00,M015,86.39,4.41,1.96,3.0,OK
2026-08-15 04:00:00,M015,80.17,4.18,2.6,5.62,OK
2026-08-15 08:00:00,M015,86.29,4.72,2.06,4.66,OK
2026-08-15 12:00:00,M015,83.24,4.37,7.47,6.75,WARNING
2026-08-15 16:00:00,M015,79.07,4.36,2.58,6.02,OK
2026-08-15 20:00:00,M015,87.05,4.84,3.09,7.85,OK
2026-08-16 00:00:00,M015,72.0,4.46,2.47,5.82,OK
2026-08-16 04:00:00,M015,76.02,4.5,2.44,7.11,OK
2026-08-16 08:00:00,M015,82.22,4.62,2.48,7.48,OK
2026-08-16 12:00:00,M015,79.97,3.89,2.24,4.92,OK
2026-08-16 16:00:00,M015,70.88,4.6,2.54,5.51,OK
2026-08-16 20:00:00,M015,86.11,4.04,1.71,8.21,OK
2026-08-17 00:00:00,M015,82.18,4.17,2.14,5.72,OK
2026-08-17 04:00:00,M015,78.75,4.17,2.42,7.73,OK
2026-08-17 08:00:00,M015,81.25,4.16,2.27,5.63,OK
2026-08-17 12:00:00,M015,71.15,4.4,2.39,6.01,OK
2026-08-17 16:00:00,M015,80.62,4.26,1.57,6.17,OK
2026-08-17 20:00:00,M015,112.53,4.3,1.95,6.26,WARNING
2026-08-18 00:00:00,M015,85.77,4.51,2.17,6.14,OK
2026-08-18 04:00:00,M015,84.34,4.41,2.34,5.19,OK
2026-08-18 08:00:00,M015,79.71,4.71,1.98,3.65,OK
2026-08-18 12:00:00,M015,77.38,4.7,2.65,4.66,OK
2026-08-18 16:00:00,M015,71.08,6.18,1.39,5.11,OK
2026-08-18 20:00:00,M015,78.58,4.47,2.0,4.66,OK
2026-08-19 00:00:00,M015,76.74,4.29,2.1,4.57,OK
2026-08-19 04:00:00,M015,72.38,4.71,2.43,4.11,OK
2026-08-19 08:00:00,M015,79.29,4.44,2.19,4.0,OK
2026-08-19 12:00:00,M015,82.1,4.7,2.29,7.64,OK
2026-08-19 16:00:00,M015,76.2,3.9,2.77,5.35,OK
2026-08-19 20:00:00,M015,76.49,4.89,2.24,4.98,OK
2026-08-20 00:00:00,M015,84.57,4.5,2.9,7.45,OK
2026-08-20 04:00:00,M015,86.64,4.36,2.63,5.47,OK
2026-08-20 08:00:00,M015,83.53,4.26,2.34,4.56,OK
2026-08-20 12:00:00,M015,89.46,4.83,2.33,6.45,OK
2026-08-20 16:00:00,M015,78.75,4.43,1.6,6.46,OK
2026-08-20 20:00:00,M015,79.88,4.11,2.02,7.51,OK
2026-08-21 00:00:00,M015,77.64,4.26,3.08,6.23,OK
2026-08-21 04:00:00,M015,87.47,4.93,1.59,5.73,OK
2026-08-21 08:00:00,M015,82.43,4.94,2.71,7.41,OK
2026-08-21 12:00:00,M015,87.76,4.21,1.89,4.43,OK
2026-08-21 16:00:00,M015,83.79,4.17,2.65,3.64,OK
2026-08-21 20:00:00,M015,77.18,4.83,2.47,4.94,OK
2026-08-22 00:00:00,M015,85.62,3.84,2.56,4.92,OK
2026-08-22 04:00:00,M015,85.92,4.52,2.42,5.47,OK
2026-08-22 08:00:00,M015,78.65,4.19,2.03,6.95,OK
2026-08-22 12:00:00,M015,84.91,4.78,2.34,8.15,OK
2026-08-22 16:00:00,M015,86.44,4.61,2.99,6.37,OK
2026-08-22 20:00:00,M015,78.59,4.79,2.78,3.98,OK
2026-08-23 00:00:00,M015,83.34,4.82,2.62,7.39,OK
2026-08-23 04:00:00,M015,82.34,4.54,2.65,7.35,OK
2026-08-23 08:00:00,M015,83.75,4.83,2.26,3.94,OK
2026-08-23 12:00:00,M015,75.31,4.46,2.54,6.38,OK
2026-08-23 16:00:00,M015,89.47,4.68,2.06,4.37,OK
2026-08-23 20:00:00,M015,75.47,4.2,2.33,5.45,OK
2026-08-24 00:00:00,M015,73.47,4.55,2.11,7.37,OK
2026-08-24 04:00:00,M015,77.77,4.56,7.61,5.96,WARNING
2026-08-24 08:00:00,M015,82.37,4.25,2.86,5.55,OK
2026-08-24 12:00:00,M015,117.7,4.53,2.59,5.18,CRITICAL
2026-08-24 16:00:00,M015,82.91,4.43,2.21,6.4,OK
2026-08-24 20:00:00,M015,77.95,4.6,2.32,5.11,OK
2026-08-25 00:00:00,M015,84.91,4.67,2.14,6.91,OK
2026-08-25 04:00:00,M015,76.29,4.22,2.14,5.91,OK
2026-08-25 08:00:00,M015,84.6,4.91,2.13,4.98,OK
2026-08-25 12:00:00,M015,72.49,4.09,2.67,7.31,OK
2026-08-25 16:00:00,M015,78.95,4.08,1.65,6.08,OK
2026-08-25 20:00:00,M015,74.36,4.42,2.15,5.18,OK
2026-08-26 00:00:00,M015,84.4,4.81,2.39,7.02,OK
2026-08-26 04:00:00,M015,74.29,4.35,2.72,5.52,OK
2026-08-26 08:00:00,M015,86.58,4.68,2.27,7.08,OK
2026-08-26 12:00:00,M015,85.44,4.2,2.96,6.04,OK
2026-08-26 16:00:00,M015,79.17,4.3,2.44,4.71,OK
2026-08-26 20:00:00,M015,78.57,4.67,2.37,6.24,OK
2026-08-27 00:00:00,M015,90.17,4.69,2.91,7.01,OK
2026-08-27 04:00:00,M015,84.33,4.43,2.1,2.78,OK
2026-08-27 08:00:00,M015,85.4,4.2,1.89,5.99,OK
2026-08-27 12:00:00,M015,74.75,4.09,1.65,3.79,OK
2026-08-27 16:00:00,M015,83.04,4.66,2.69,6.82,OK
2026-08-27 20:00:00,M015,78.77,4.5,1.77,5.02,OK
2026-08-28 00:00:00,M015,84.45,4.47,2.24,4.03,OK
2026-08-28 04:00:00,M015,85.87,4.64,2.74,5.86,OK
2026-08-28 08:00:00,M015,84.43,4.36,2.23,6.6,OK
2026-08-28 12:00:00,M015,82.68,4.43,2.6,4.12,OK
2026-08-28 16:00:00,M015,80.69,4.29,2.63,6.13,OK
2026-08-28 20:00:00,M015,75.3,4.58,1.87,4.98,OK
2026-08-29 00:00:00,M015,82.28,4.34,2.31,5.9,OK
2026-08-29 04:00:00,M015,81.68,4.02,2.5,4.45,OK
2026-08-29 08:00:00,M015,72.95,4.15,2.39,6.51,OK
2026-08-29 12:00:00,M015,79.15,4.38,2.05,3.45,OK
2026-08-29 16:00:00,M015,74.72,4.29,2.75,6.12,OK
2026-08-29 20:00:00,M015,90.25,4.48,1.86,6.54,OK
2026-08-30 00:00:00,M015,77.04,4.33,2.46,5.11,OK
2026-08-30 04:00:00,M015,90.68,4.07,2.26,7.99,OK
2026-08-30 08:00:00,M015,81.11,4.42,1.42,5.39,OK
2026-08-30 12:00:00,M015,82.55,4.61,2.73,6.42,OK
2026-08-30 16:00:00,M015,79.39,4.56,2.2,6.52,OK
2026-08-30 20:00:00,M015,80.02,4.91,2.33,5.7,OK
2026-08-31 00:00:00,M015,85.55,6.82,2.46,6.42,WARNING
2026-08-31 04:00:00,M015,73.32,4.32,2.41,6.86,OK
2026-08-31 08:00:00,M015,84.07,4.27,2.62,3.82,OK
2026-08-31 12:00:00,M015,75.99,3.96,2.34,6.4,OK
2026-08-31 16:00:00,M015,83.57,4.78,2.24,3.7,OK
2026-08-31 20:00:00,M015,73.48,4.38,2.61,5.65,OK
2026-09-01 00:00:00,M015,87.31,4.71,7.69,5.73,WARNING
2026-09-01 04:00:00,M015,79.37,4.37,2.14,3.08,OK
2026-09-01 08:00:00,M015,79.39,4.36,2.78,5.12,OK
2026-09-01 12:00:00,M015,112.15,4.89,2.36,6.22,WARNING
2026-09-01 16:00:00,M015,79.37,4.16,2.31,4.67,OK
2026-09-01 20:00:00,M015,78.68,4.61,2.73,4.69,OK
2026-09-02 00:00:00,M015,81.6,6.13,2.35,7.83,OK
2026-09-02 04:00:00,M015,113.25,4.17,2.35,7.24,WARNING
2026-09-02 08:00:00,M015,74.95,4.17,2.63,5.44,OK
2026-09-02 12:00:00,M015,81.97,4.27,1.98,5.54,OK
2026-09-02 16:00:00,M015,81.38,4.44,1.95,7.1,OK
2026-09-02 20:00:00,M015,80.07,4.18,1.87,8.68,OK
2026-09-03 00:00:00,M015,113.8,5.94,7.04,6.79,WARNING
2026-09-03 04:00:00,M015,89.84,4.15,2.72,5.33,OK
2026-09-03 08:00:00,M015,80.35,4.02,2.96,4.64,OK
2026-09-03 12:00:00,M015,80.12,4.31,1.8,5.73,OK
2026-09-03 16:00:00,M015,68.74,4.32,2.45,4.5,OK
2026-09-03 20:00:00,M015,81.08,4.66,1.92,5.52,OK
2026-09-04 00:00:00,M015,75.75,4.41,2.45,2.89,OK
2026-09-04 04:00:00,M015,78.53,4.18,2.52,5.38,OK
2026-09-04 08:00:00,M015,86.51,4.31,2.74,7.36,OK
2026-09-04 12:00:00,M015,81.9,4.51,2.26,4.42,OK
2026-09-04 16:00:00,M015,86.94,4.6,1.99,5.36,OK
2026-09-04 20:00:00,M015,80.56,4.65,2.17,5.06,OK
2026-08-01 00:00:00,M016,90.19,4.93,2.98,6.43,OK
2026-08-01 04:00:00,M016,73.72,4.98,1.7,7.24,OK
2026-08-01 08:00:00,M016,82.55,4.58,1.36,7.53,OK
2026-08-01 12:00:00,M016,79.78,4.4,1.5,7.85,OK
2026-08-01 16:00:00,M016,80.41,4.89,2.07,6.47,OK
2026-08-01 20:00:00,M016,80.69,4.97,2.23,8.38,OK
2026-08-02 00:00:00,M016,75.1,4.79,1.88,6.17,OK
2026-08-02 04:00:00,M016,79.79,5.02,1.93,8.01,OK
2026-08-02 08:00:00,M016,83.65,4.75,2.6,5.91,OK
2026-08-02 12:00:00,M016,78.68,4.86,2.78,7.41,OK
2026-08-02 16:00:00,M016,76.9,4.91,1.31,6.36,OK
2026-08-02 20:00:00,M016,80.09,4.41,1.76,7.24,OK
2026-08-03 00:00:00,M016,84.46,4.84,2.56,5.85,OK
2026-08-03 04:00:00,M016,82.78,5.24,1.96,8.8,OK
2026-08-03 08:00:00,M016,77.96,4.72,2.18,6.3,OK
2026-08-03 12:00:00,M016,79.28,4.73,1.64,7.85,OK
2026-08-03 16:00:00,M016,76.61,4.82,2.55,4.19,OK
2026-08-03 20:00:00,M016,81.93,4.98,1.54,7.03,OK
2026-08-04 00:00:00,M016,81.81,4.91,2.24,5.52,OK
2026-08-04 04:00:00,M016,83.23,5.06,2.81,6.53,OK
2026-08-04 08:00:00,M016,72.2,5.05,1.57,5.64,OK
2026-08-04 12:00:00,M016,80.12,4.69,2.51,7.8,OK
2026-08-04 16:00:00,M016,76.11,5.36,2.17,6.67,OK
2026-08-04 20:00:00,M016,77.16,5.05,1.52,8.12,OK
2026-08-05 00:00:00,M016,74.53,5.21,2.54,8.31,OK
2026-08-05 04:00:00,M016,83.39,4.69,1.89,5.57,OK
2026-08-05 08:00:00,M016,80.23,5.17,1.74,8.33,OK
2026-08-05 12:00:00,M016,79.29,5.3,2.4,7.43,OK
2026-08-05 16:00:00,M016,82.18,5.11,2.15,6.59,OK
2026-08-05 20:00:00,M016,72.74,5.13,2.3,6.2,OK
2026-08-06 00:00:00,M016,84.23,5.06,2.24,6.7,OK
2026-08-06 04:00:00,M016,79.39,5.0,2.62,6.56,OK
2026-08-06 08:00:00,M016,86.1,5.07,5.53,8.25,OK
2026-08-06 12:00:00,M016,77.42,5.08,2.36,6.48,OK
2026-08-06 16:00:00,M016,84.09,4.35,2.72,7.05,OK
2026-08-06 20:00:00,M016,81.73,4.56,2.32,6.56,OK
2026-08-07 00:00:00,M016,119.45,4.73,2.11,6.17,CRITICAL
2026-08-07 04:00:00,M016,81.28,4.89,2.33,6.8,OK
2026-08-07 08:00:00,M016,82.66,4.82,2.21,7.19,OK
2026-08-07 12:00:00,M016,76.35,5.09,2.02,5.1,OK
2026-08-07 16:00:00,M016,79.22,4.87,2.1,8.41,OK
2026-08-07 20:00:00,M016,82.72,4.92,1.43,5.66,OK
2026-08-08 00:00:00,M016,75.54,4.93,2.31,7.46,OK
2026-08-08 04:00:00,M016,86.98,4.8,1.67,6.41,OK
2026-08-08 08:00:00,M016,84.44,4.94,1.34,6.1,OK
2026-08-08 12:00:00,M016,80.87,4.47,2.45,6.95,OK
2026-08-08 16:00:00,M016,86.11,4.85,2.73,5.86,OK
2026-08-08 20:00:00,M016,75.05,5.15,1.98,7.79,OK
2026-08-09 00:00:00,M016,79.53,5.52,2.15,3.4,OK
2026-08-09 04:00:00,M016,76.27,4.88,2.61,7.05,OK
2026-08-09 08:00:00,M016,71.96,4.83,2.33,7.0,OK
2026-08-09 12:00:00,M016,78.44,5.02,3.02,5.14,OK
2026-08-09 16:00:00,M016,84.82,5.17,1.53,7.78,OK
2026-08-09 20:00:00,M016,86.38,4.86,1.94,6.39,OK
2026-08-10 00:00:00,M016,80.4,4.99,2.61,7.22,OK
2026-08-10 04:00:00,M016,79.23,4.87,5.95,7.55,OK
2026-08-10 08:00:00,M016,84.06,4.78,1.59,8.32,OK
2026-08-10 12:00:00,M016,79.83,4.27,2.28,8.52,OK
2026-08-10 16:00:00,M016,73.18,4.62,2.44,7.47,OK
2026-08-10 20:00:00,M016,79.62,4.5,2.62,7.19,OK
2026-08-11 00:00:00,M016,78.26,4.89,2.41,6.56,OK
2026-08-11 04:00:00,M016,79.3,4.85,1.77,8.02,OK
2026-08-11 08:00:00,M016,82.32,5.25,2.2,7.94,OK
2026-08-11 12:00:00,M016,78.4,5.03,2.17,5.98,OK
2026-08-11 16:00:00,M016,79.82,5.34,2.66,5.69,OK
2026-08-11 20:00:00,M016,78.98,4.8,2.87,6.43,OK
2026-08-12 00:00:00,M016,85.74,4.63,1.92,7.47,OK
2026-08-12 04:00:00,M016,76.59,4.82,2.87,6.13,OK
2026-08-12 08:00:00,M016,74.61,5.12,2.37,4.39,OK
2026-08-12 12:00:00,M016,77.23,5.16,1.77,6.38,OK
2026-08-12 16:00:00,M016,77.33,4.46,2.0,7.8,OK
2026-08-12 20:00:00,M016,78.89,5.23,2.07,3.36,OK
2026-08-13 00:00:00,M016,81.49,4.53,2.15,7.57,OK
2026-08-13 04:00:00,M016,116.31,4.73,2.07,7.28,CRITICAL
2026-08-13 08:00:00,M016,81.11,5.07,2.22,4.76,OK
2026-08-13 12:00:00,M016,77.78,4.43,1.21,5.8,OK
2026-08-13 16:00:00,M016,74.55,4.69,2.67,5.36,OK
2026-08-13 20:00:00,M016,81.72,4.8,2.27,8.02,OK
2026-08-14 00:00:00,M016,75.95,5.2,1.88,7.04,OK
2026-08-14 04:00:00,M016,81.74,4.64,2.53,8.45,OK
2026-08-14 08:00:00,M016,82.79,4.91,2.1,6.68,OK
2026-08-14 12:00:00,M016,73.27,4.63,1.61,6.3,OK
2026-08-14 16:00:00,M016,79.22,4.82,2.13,8.6,OK
2026-08-14 20:00:00,M016,79.71,5.19,2.0,7.27,OK
2026-08-15 00:00:00,M016,79.56,5.06,2.54,5.94,OK
2026-08-15 04:00:00,M016,76.07,5.1,2.12,6.29,OK
2026-08-15 08:00:00,M016,71.76,4.86,2.17,5.29,OK
2026-08-15 12:00:00,M016,79.87,4.75,1.89,6.46,OK
2026-08-15 16:00:00,M016,82.93,4.86,2.33,8.35,OK
2026-08-15 20:00:00,M016,80.45,4.83,2.14,5.74,OK
2026-08-16 00:00:00,M016,80.76,5.1,2.01,8.56,OK
2026-08-16 04:00:00,M016,80.45,4.89,2.38,6.17,OK
2026-08-16 08:00:00,M016,82.96,5.35,2.35,7.55,OK
2026-08-16 12:00:00,M016,74.39,5.09,2.23,6.7,OK
2026-08-16 16:00:00,M016,116.37,4.8,2.41,6.23,CRITICAL
2026-08-16 20:00:00,M016,72.7,4.7,1.62,7.54,OK
2026-08-17 00:00:00,M016,81.43,4.98,1.93,6.17,OK
2026-08-17 04:00:00,M016,77.89,4.96,2.31,8.61,OK
2026-08-17 08:00:00,M016,92.32,4.98,1.63,6.69,OK
2026-08-17 12:00:00,M016,83.41,6.54,2.04,5.8,WARNING
2026-08-17 16:00:00,M016,79.75,4.58,1.72,7.56,OK
2026-08-17 20:00:00,M016,75.45,5.05,2.04,6.63,OK
2026-08-18 00:00:00,M016,78.51,4.6,2.41,6.56,OK
2026-08-18 04:00:00,M016,77.58,4.99,2.35,9.81,OK
2026-08-18 08:00:00,M016,78.48,5.03,1.75,6.29,OK
2026-08-18 12:00:00,M016,78.25,4.59,2.52,7.5,OK
2026-08-18 16:00:00,M016,86.53,5.29,2.1,5.91,OK
2026-08-18 20:00:00,M016,77.55,4.86,2.67,8.08,OK
2026-08-19 00:00:00,M016,75.96,4.9,1.64,7.29,OK
2026-08-19 04:00:00,M016,70.48,5.22,1.5,6.75,OK
2026-08-19 08:00:00,M016,74.32,4.96,2.33,5.6,OK
2026-08-19 12:00:00,M016,75.39,4.91,2.09,8.32,OK
2026-08-19 16:00:00,M016,90.53,5.07,2.1,5.93,OK
2026-08-19 20:00:00,M016,79.83,5.25,2.18,5.63,OK
2026-08-20 00:00:00,M016,86.19,4.82,2.41,6.42,OK
2026-08-20 04:00:00,M016,72.78,4.96,2.24,7.55,OK
2026-08-20 08:00:00,M016,82.21,4.89,2.1,5.34,OK
2026-08-20 12:00:00,M016,76.69,4.64,2.47,6.74,OK
2026-08-20 16:00:00,M016,84.32,4.87,2.31,7.82,OK
2026-08-20 20:00:00,M016,76.29,4.62,2.52,7.18,OK
2026-08-21 00:00:00,M016,82.36,4.84,2.12,9.78,OK
2026-08-21 04:00:00,M016,81.74,4.92,1.85,6.39,OK
2026-08-21 08:00:00,M016,84.33,6.53,2.18,6.88,WARNING
2026-08-21 12:00:00,M016,84.43,4.65,1.5,7.53,OK
2026-08-21 16:00:00,M016,77.74,5.07,2.56,6.61,OK
2026-08-21 20:00:00,M016,74.13,4.98,2.44,6.33,OK
2026-08-22 00:00:00,M016,75.77,4.66,2.03,8.46,OK
2026-08-22 04:00:00,M016,85.13,4.47,2.22,6.88,OK
2026-08-22 08:00:00,M016,80.65,4.75,5.71,7.67,OK
2026-08-22 12:00:00,M016,81.26,,1.68,8.83,OK
2026-08-22 16:00:00,M016,126.21,5.08,2.48,8.86,CRITICAL
2026-08-22 20:00:00,M016,71.48,4.91,7.7,6.0,WARNING
2026-08-23 00:00:00,M016,75.47,5.03,1.83,4.73,OK
2026-08-23 04:00:00,M016,84.18,5.06,2.27,6.71,OK
2026-08-23 08:00:00,M016,78.15,5.21,1.63,5.47,OK
2026-08-23 12:00:00,M016,84.76,5.01,,8.47,WARNING
2026-08-23 16:00:00,M016,81.68,4.81,1.47,7.83,OK
2026-08-23 20:00:00,M016,88.6,4.61,2.09,6.71,OK
2026-08-24 00:00:00,M016,81.52,5.47,1.87,6.92,OK
2026-08-24 04:00:00,M016,77.45,4.54,1.91,7.71,OK
2026-08-24 08:00:00,M016,73.77,4.75,2.26,7.77,OK
2026-08-24 12:00:00,M016,83.45,5.02,1.97,7.5,OK
2026-08-24 16:00:00,M016,91.67,4.81,2.07,6.15,OK
2026-08-24 20:00:00,M016,83.5,4.96,2.01,6.34,OK
2026-08-25 00:00:00,M016,86.6,5.35,1.35,7.28,OK
2026-08-25 04:00:00,M016,84.93,4.99,2.54,6.04,OK
2026-08-25 08:00:00,M016,85.09,4.36,1.94,6.19,OK
2026-08-25 12:00:00,M016,83.01,5.08,2.06,9.46,OK
2026-08-25 16:00:00,M016,78.15,4.98,1.74,5.98,OK
2026-08-25 20:00:00,M016,79.05,4.87,2.24,5.73,OK
2026-08-26 00:00:00,M016,84.7,5.21,2.39,6.07,OK
2026-08-26 04:00:00,M016,112.68,4.67,2.09,7.79,WARNING
2026-08-26 08:00:00,M016,120.06,5.02,2.3,5.51,CRITICAL
2026-08-26 12:00:00,M016,82.54,5.1,2.14,7.99,OK
2026-08-26 16:00:00,M016,81.3,5.16,2.06,6.27,OK
2026-08-26 20:00:00,M016,83.62,4.54,2.59,5.76,OK
2026-08-27 00:00:00,M016,80.28,5.06,2.86,7.41,OK
2026-08-27 04:00:00,M016,83.1,6.94,1.49,7.39,WARNING
2026-08-27 08:00:00,M016,76.69,4.94,2.05,7.77,OK
2026-08-27 12:00:00,M016,84.71,6.55,2.12,4.43,WARNING
2026-08-27 16:00:00,M016,119.4,5.35,1.76,5.35,CRITICAL
2026-08-27 20:00:00,M016,82.8,4.58,1.73,6.16,OK
2026-08-28 00:00:00,M016,80.09,5.45,1.74,6.15,OK
2026-08-28 04:00:00,M016,88.86,4.97,1.33,7.05,OK
2026-08-28 08:00:00,M016,71.87,5.23,2.5,6.54,OK
2026-08-28 12:00:00,M016,82.04,5.16,2.09,7.71,OK
2026-08-28 16:00:00,M016,83.37,4.73,1.51,7.08,OK
2026-08-28 20:00:00,M016,83.65,4.89,1.7,7.51,OK
2026-08-29 00:00:00,M016,74.79,5.1,2.23,5.55,OK
2026-08-29 04:00:00,M016,74.75,4.89,2.32,4.85,OK
2026-08-29 08:00:00,M016,70.62,4.99,2.56,6.67,OK
2026-08-29 12:00:00,M016,71.47,4.66,1.97,5.9,OK
2026-08-29 16:00:00,M016,78.74,5.17,1.87,7.95,OK
2026-08-29 20:00:00,M016,86.07,4.76,3.12,7.22,OK
2026-08-30 00:00:00,M016,82.53,4.66,1.74,6.68,OK
2026-08-30 04:00:00,M016,86.36,4.58,2.63,5.58,OK
2026-08-30 08:00:00,M016,76.61,4.46,1.56,8.05,OK
2026-08-30 12:00:00,M016,79.65,4.96,1.8,7.09,OK
2026-08-30 16:00:00,M016,82.01,4.63,1.91,6.48,OK
2026-08-30 20:00:00,M016,77.59,4.51,2.06,9.15,OK
2026-08-31 00:00:00,M016,78.8,4.94,1.83,7.41,OK
2026-08-31 04:00:00,M016,85.27,4.83,1.98,8.66,OK
2026-08-31 08:00:00,M016,81.75,5.21,1.86,9.11,OK
2026-08-31 12:00:00,M016,89.57,4.85,1.59,9.88,OK
2026-08-31 16:00:00,M016,82.89,5.13,2.15,7.81,OK
2026-08-31 20:00:00,M016,77.83,5.02,2.32,7.91,OK
2026-09-01 00:00:00,M016,78.78,5.0,2.69,5.79,OK
2026-09-01 04:00:00,M016,79.85,4.88,1.6,8.02,OK
2026-09-01 08:00:00,M016,128.27,4.72,2.53,7.89,CRITICAL
2026-09-01 12:00:00,M016,113.29,4.59,2.59,7.59,WARNING
2026-09-01 16:00:00,M016,72.54,4.86,1.79,7.04,OK
2026-09-01 20:00:00,M016,80.65,4.32,2.0,7.76,OK
2026-09-02 00:00:00,M016,75.67,4.94,1.71,6.8,OK
2026-09-02 04:00:00,M016,80.81,5.02,1.87,7.2,OK
2026-09-02 08:00:00,M016,77.31,4.79,1.93,6.32,OK
2026-09-02 12:00:00,M016,134.63,4.75,2.24,8.18,CRITICAL
2026-09-02 16:00:00,M016,81.41,5.25,2.43,6.87,OK
2026-09-02 20:00:00,M016,83.22,4.84,2.83,6.74,OK
2026-09-03 00:00:00,M016,83.58,4.9,2.05,6.91,OK
2026-09-03 04:00:00,M016,77.15,4.76,2.09,6.99,OK
2026-09-03 08:00:00,M016,90.35,4.78,2.44,6.47,OK
2026-09-03 12:00:00,M016,68.66,4.71,1.32,5.79,OK
2026-09-03 16:00:00,M016,85.79,4.42,2.07,6.54,OK
2026-09-03 20:00:00,M016,78.01,4.77,2.29,8.16,OK
2026-09-04 00:00:00,M016,79.63,4.99,2.94,6.64,OK
2026-09-04 04:00:00,M016,69.21,4.86,2.48,6.3,OK
2026-09-04 08:00:00,M016,68.62,4.54,2.02,5.96,OK
2026-09-04 12:00:00,M016,74.36,6.16,2.21,7.34,OK
2026-09-04 16:00:00,M016,84.13,5.07,2.22,7.31,OK
2026-09-04 20:00:00,M016,90.54,4.73,1.65,6.92,OK
2026-08-01 00:00:00,M017,66.42,4.31,1.86,6.08,OK
2026-08-01 04:00:00,M017,93.95,3.97,1.61,4.04,OK
2026-08-01 08:00:00,M017,59.59,3.95,1.49,5.92,OK
2026-08-01 12:00:00,M017,70.18,4.16,2.67,3.81,OK
2026-08-01 16:00:00,M017,58.63,4.49,2.34,7.13,OK
2026-08-01 20:00:00,M017,110.78,3.95,1.31,2.84,WARNING
2026-08-02 00:00:00,M017,64.06,4.61,3.02,5.54,OK
2026-08-02 04:00:00,M017,69.29,3.88,2.04,6.4,OK
2026-08-02 08:00:00,M017,57.02,3.59,2.58,6.48,OK
2026-08-02 12:00:00,M017,70.17,4.05,2.49,4.62,OK
2026-08-02 16:00:00,M017,62.09,4.69,1.76,5.48,OK
2026-08-02 20:00:00,M017,67.45,3.91,2.33,4.38,OK
2026-08-03 00:00:00,M017,67.51,3.9,2.22,4.76,OK
2026-08-03 04:00:00,M017,69.39,4.15,1.94,4.31,OK
2026-08-03 08:00:00,M017,65.64,4.12,1.95,3.96,OK
2026-08-03 12:00:00,M017,67.18,4.69,2.65,7.36,OK
2026-08-03 16:00:00,M017,70.73,4.24,1.98,5.9,OK
2026-08-03 20:00:00,M017,70.16,4.2,2.3,4.13,OK
2026-08-04 00:00:00,M017,64.78,3.96,2.48,5.45,OK
2026-08-04 04:00:00,M017,71.8,4.2,1.97,3.76,OK
2026-08-04 08:00:00,M017,67.38,4.08,2.08,3.53,OK
2026-08-04 12:00:00,M017,68.52,4.16,1.97,4.48,OK
2026-08-04 16:00:00,M017,65.63,4.34,2.12,5.52,OK
2026-08-04 20:00:00,M017,60.1,4.36,2.71,3.72,OK
2026-08-05 00:00:00,M017,67.03,4.96,1.99,6.88,OK
2026-08-05 04:00:00,M017,94.01,4.13,2.57,3.99,OK
2026-08-05 08:00:00,M017,71.11,3.97,2.52,3.13,OK
2026-08-05 12:00:00,M017,66.21,4.11,1.96,4.9,OK
2026-08-05 16:00:00,M017,62.62,4.19,2.34,4.68,OK
2026-08-05 20:00:00,M017,72.66,3.88,1.89,5.71,OK
2026-08-06 00:00:00,M017,64.54,4.41,2.21,3.99,OK
2026-08-06 04:00:00,M017,67.16,4.47,2.33,4.12,OK
2026-08-06 08:00:00,M017,63.03,4.22,2.03,5.72,OK
2026-08-06 12:00:00,M017,69.21,3.99,1.7,5.29,OK
2026-08-06 16:00:00,M017,62.32,3.87,1.86,3.16,OK
2026-08-06 20:00:00,M017,68.49,4.37,2.21,6.38,OK
2026-08-07 00:00:00,M017,63.01,3.88,2.63,5.76,OK
2026-08-07 04:00:00,M017,64.66,3.93,1.88,6.92,OK
2026-08-07 08:00:00,M017,70.51,3.95,1.68,3.03,OK
2026-08-07 12:00:00,M017,56.33,3.8,2.06,8.38,OK
2026-08-07 16:00:00,M017,55.2,4.14,2.07,4.71,OK
2026-08-07 20:00:00,M017,72.75,3.91,2.0,4.99,OK
2026-08-08 00:00:00,M017,62.9,4.09,2.77,3.87,OK
2026-08-08 04:00:00,M017,65.21,4.66,2.11,5.28,OK
2026-08-08 08:00:00,M017,64.42,3.6,2.32,3.74,OK
2026-08-08 12:00:00,M017,61.06,4.0,1.98,3.26,OK
2026-08-08 16:00:00,M017,67.92,4.08,2.25,5.42,OK
2026-08-08 20:00:00,M017,61.08,4.22,1.06,2.72,OK
2026-08-09 00:00:00,M017,65.53,4.03,1.72,3.07,OK
2026-08-09 04:00:00,M017,70.65,4.02,8.13,4.88,CRITICAL
2026-08-09 08:00:00,M017,69.63,4.53,2.78,4.37,OK
2026-08-09 12:00:00,M017,65.54,3.88,1.52,5.09,OK
2026-08-09 16:00:00,M017,65.27,3.89,2.42,6.29,OK
2026-08-09 20:00:00,M017,61.73,4.2,1.45,6.71,OK
2026-08-10 00:00:00,M017,61.17,3.65,2.52,4.84,OK
2026-08-10 04:00:00,M017,64.11,4.08,2.08,5.52,OK
2026-08-10 08:00:00,M017,56.91,4.09,1.95,6.57,OK
2026-08-10 12:00:00,M017,58.23,4.65,2.13,3.84,OK
2026-08-10 16:00:00,M017,58.54,3.93,1.95,6.38,OK
2026-08-10 20:00:00,M017,69.91,3.91,1.82,5.52,OK
2026-08-11 00:00:00,M017,72.07,4.46,1.86,2.92,OK
2026-08-11 04:00:00,M017,70.4,3.87,1.81,3.26,OK
2026-08-11 08:00:00,M017,68.29,4.28,1.5,4.28,OK
2026-08-11 12:00:00,M017,69.84,3.99,2.54,5.01,OK
2026-08-11 16:00:00,M017,72.97,3.97,2.18,5.24,OK
2026-08-11 20:00:00,M017,60.73,4.62,1.92,6.42,OK
2026-08-12 00:00:00,M017,66.77,4.27,2.15,3.15,OK
2026-08-12 04:00:00,M017,66.78,4.07,2.18,3.67,OK
2026-08-12 08:00:00,M017,66.45,4.47,1.51,6.26,OK
2026-08-12 12:00:00,M017,74.33,4.19,1.8,4.29,OK
2026-08-12 16:00:00,M017,68.37,3.86,2.29,4.07,OK
2026-08-12 20:00:00,M017,67.81,4.45,3.27,5.09,OK
2026-08-13 00:00:00,M017,61.76,4.13,2.33,5.87,OK
2026-08-13 04:00:00,M017,63.96,3.78,2.08,4.89,OK
2026-08-13 08:00:00,M017,61.96,4.03,2.48,4.38,OK
2026-08-13 12:00:00,M017,67.53,3.64,1.68,3.33,OK
2026-08-13 16:00:00,M017,69.39,4.18,7.56,5.45,WARNING
2026-08-13 20:00:00,M017,67.8,4.12,1.32,4.68,OK
2026-08-14 00:00:00,M017,63.12,4.01,2.41,5.34,OK
2026-08-14 04:00:00,M017,64.56,4.28,1.7,6.78,OK
2026-08-14 08:00:00,M017,71.0,4.23,1.95,4.96,OK
2026-08-14 12:00:00,M017,62.78,4.54,2.13,6.87,OK
2026-08-14 16:00:00,M017,107.81,4.41,2.61,7.76,WARNING
2026-08-14 20:00:00,M017,65.6,3.84,2.37,2.78,OK
2026-08-15 00:00:00,M017,65.56,4.6,2.74,4.21,OK
2026-08-15 04:00:00,M017,66.03,4.12,1.85,4.38,OK
2026-08-15 08:00:00,M017,61.17,3.94,2.05,6.13,OK
2026-08-15 12:00:00,M017,66.51,4.39,2.45,3.35,OK
2026-08-15 16:00:00,M017,72.62,4.15,2.79,4.19,OK
2026-08-15 20:00:00,M017,71.6,3.44,1.91,6.41,OK
2026-08-16 00:00:00,M017,66.2,4.42,3.08,5.52,OK
2026-08-16 04:00:00,M017,65.61,4.01,2.8,4.71,OK
2026-08-16 08:00:00,M017,61.55,3.92,2.45,3.68,OK
2026-08-16 12:00:00,M017,67.81,4.43,2.1,3.92,OK
2026-08-16 16:00:00,M017,64.42,4.0,2.3,6.93,OK
2026-08-16 20:00:00,M017,106.57,4.2,1.94,3.26,WARNING
2026-08-17 00:00:00,M017,66.66,3.74,2.38,4.56,OK
2026-08-17 04:00:00,M017,66.35,4.08,2.32,6.29,OK
2026-08-17 08:00:00,M017,61.22,5.19,2.06,6.29,OK
2026-08-17 12:00:00,M017,107.75,3.93,6.8,4.82,WARNING
2026-08-17 16:00:00,M017,63.59,4.23,2.55,5.96,OK
2026-08-17 20:00:00,M017,55.08,4.49,6.17,5.41,WARNING
2026-08-18 00:00:00,M017,60.79,4.34,1.53,3.98,OK
2026-08-18 04:00:00,M017,66.21,4.2,1.69,5.2,OK
2026-08-18 08:00:00,M017,62.22,4.16,2.4,4.82,OK
2026-08-18 12:00:00,M017,67.82,4.41,2.27,3.03,OK
2026-08-18 16:00:00,M017,67.59,3.93,2.92,4.91,OK
2026-08-18 20:00:00,M017,65.17,4.14,2.08,7.02,OK
2026-08-19 00:00:00,M017,64.94,5.78,5.52,3.51,OK
2026-08-19 04:00:00,M017,62.25,4.0,2.2,3.81,OK
2026-08-19 08:00:00,M017,68.47,4.12,1.92,3.95,OK
2026-08-19 12:00:00,M017,68.63,3.8,2.4,4.12,OK
2026-08-19 16:00:00,M017,60.13,4.21,1.84,5.92,OK
2026-08-19 20:00:00,M017,62.33,4.86,2.33,4.37,OK
2026-08-20 00:00:00,M017,68.28,4.37,2.46,4.02,OK
2026-08-20 04:00:00,M017,65.99,4.14,1.98,4.8,OK
2026-08-20 08:00:00,M017,57.42,4.35,2.11,4.79,OK
2026-08-20 12:00:00,M017,66.2,4.15,1.57,5.57,OK
2026-08-20 16:00:00,M017,79.25,3.9,2.42,5.33,OK
2026-08-20 20:00:00,M017,68.33,3.87,1.77,4.7,OK
2026-08-21 00:00:00,M017,72.66,3.63,1.59,2.04,OK
2026-08-21 04:00:00,M017,65.25,4.39,2.06,5.53,OK
2026-08-21 08:00:00,M017,57.68,4.11,2.19,5.09,OK
2026-08-21 12:00:00,M017,65.45,4.74,2.32,4.69,OK
2026-08-21 16:00:00,M017,59.96,3.68,2.26,6.04,OK
2026-08-21 20:00:00,M017,58.4,4.2,2.64,5.24,OK
2026-08-22 00:00:00,M017,74.78,3.64,2.26,3.92,OK
2026-08-22 04:00:00,M017,68.96,4.42,2.05,3.43,OK
2026-08-22 08:00:00,M017,69.94,4.27,1.84,6.22,OK
2026-08-22 12:00:00,M017,60.47,3.95,1.68,5.19,OK
2026-08-22 16:00:00,M017,61.34,4.09,1.73,5.26,OK
2026-08-22 20:00:00,M017,66.7,3.72,2.37,4.68,OK
2026-08-23 00:00:00,M017,63.85,4.47,2.32,5.19,OK
2026-08-23 04:00:00,M017,69.3,4.18,2.8,4.21,OK
2026-08-23 08:00:00,M017,73.15,3.87,6.77,6.76,WARNING
2026-08-23 12:00:00,M017,69.73,3.69,2.35,5.65,OK
2026-08-23 16:00:00,M017,92.73,4.41,2.24,5.1,OK
2026-08-23 20:00:00,M017,63.69,4.44,2.38,5.5,OK
2026-08-24 00:00:00,M017,67.01,4.54,2.2,5.13,OK
2026-08-24 04:00:00,M017,72.35,3.91,6.94,4.31,WARNING
2026-08-24 08:00:00,M017,61.24,4.26,2.32,4.25,OK
2026-08-24 12:00:00,M017,114.71,4.52,2.82,7.69,WARNING
2026-08-24 16:00:00,M017,60.66,3.88,2.06,2.65,OK
2026-08-24 20:00:00,M017,71.11,4.13,2.34,5.59,OK
2026-08-25 00:00:00,M017,64.21,3.71,2.32,3.52,OK
2026-08-25 04:00:00,M017,67.09,4.18,2.19,5.21,OK
2026-08-25 08:00:00,M017,60.43,4.3,2.49,5.76,OK
2026-08-25 12:00:00,M017,56.02,4.28,2.96,5.21,OK
2026-08-25 16:00:00,M017,77.55,3.92,1.73,4.64,OK
2026-08-25 20:00:00,M017,71.16,4.33,2.52,6.74,OK
2026-08-26 00:00:00,M017,64.1,4.76,1.9,5.61,OK
2026-08-26 04:00:00,M017,69.18,4.31,2.68,6.64,OK
2026-08-26 08:00:00,M017,67.31,4.17,2.22,4.39,OK
2026-08-26 12:00:00,M017,60.41,4.08,2.61,4.69,OK
2026-08-26 16:00:00,M017,67.71,4.19,1.66,4.48,OK
2026-08-26 20:00:00,M017,76.28,4.25,1.95,4.96,OK
2026-08-27 00:00:00,M017,67.95,3.84,2.55,2.83,OK
2026-08-27 04:00:00,M017,93.17,4.62,1.94,2.63,OK
2026-08-27 08:00:00,M017,63.5,4.28,1.65,6.06,OK
2026-08-27 12:00:00,M017,73.46,3.92,2.88,3.88,OK
2026-08-27 16:00:00,M017,69.75,4.42,2.44,4.05,OK
2026-08-27 20:00:00,M017,94.03,4.12,2.68,4.42,OK
2026-08-28 00:00:00,M017,72.28,3.87,2.32,5.35,OK
2026-08-28 04:00:00,M017,63.11,4.54,1.86,2.31,OK
2026-08-28 08:00:00,M017,76.87,3.62,1.8,5.14,OK
2026-08-28 12:00:00,M017,64.55,4.78,2.17,5.46,OK
2026-08-28 16:00:00,M017,60.0,3.63,2.05,6.01,OK
2026-08-28 20:00:00,M017,71.11,4.29,2.12,5.24,OK
2026-08-29 00:00:00,M017,68.37,4.27,1.97,5.93,OK
2026-08-29 04:00:00,M017,96.36,4.1,2.18,7.08,OK
2026-08-29 08:00:00,M017,67.75,4.44,2.8,2.09,OK
2026-08-29 12:00:00,M017,57.1,4.07,2.44,3.62,OK
2026-08-29 16:00:00,M017,73.01,4.09,2.08,5.87,OK
2026-08-29 20:00:00,M017,63.19,4.13,2.38,6.05,OK
2026-08-30 00:00:00,M017,95.75,4.37,2.29,5.32,OK
2026-08-30 04:00:00,M017,70.03,4.04,2.29,2.97,OK
2026-08-30 08:00:00,M017,64.81,4.35,1.96,2.29,OK
2026-08-30 12:00:00,M017,66.63,4.0,6.24,3.68,WARNING
2026-08-30 16:00:00,M017,80.65,4.2,2.96,4.81,OK
2026-08-30 20:00:00,M017,60.76,4.29,1.35,6.03,OK
2026-08-31 00:00:00,M017,72.95,4.19,1.98,4.61,OK
2026-08-31 04:00:00,M017,71.21,4.27,2.73,5.79,OK
2026-08-31 08:00:00,M017,69.57,4.49,2.15,4.52,OK
2026-08-31 12:00:00,M017,64.05,3.89,2.32,4.13,OK
2026-08-31 16:00:00,M017,63.4,4.19,2.05,5.48,OK
2026-08-31 20:00:00,M017,60.16,4.27,2.2,6.21,OK
2026-09-01 00:00:00,M017,66.63,4.14,2.3,4.9,OK
2026-09-01 04:00:00,M017,66.03,4.33,2.35,4.54,OK
2026-09-01 08:00:00,M017,58.5,4.26,5.91,5.23,OK
2026-09-01 12:00:00,M017,71.71,4.02,2.12,4.37,OK
2026-09-01 16:00:00,M017,65.84,4.07,2.67,4.98,OK
2026-09-01 20:00:00,M017,71.78,3.85,2.01,5.0,OK
2026-09-02 00:00:00,M017,61.22,4.37,1.66,4.07,OK
2026-09-02 04:00:00,M017,70.22,3.93,1.61,4.5,OK
2026-09-02 08:00:00,M017,68.19,3.91,1.85,6.44,OK
2026-09-02 12:00:00,M017,61.71,4.02,2.6,7.39,OK
2026-09-02 16:00:00,M017,57.9,4.12,2.43,2.81,OK
2026-09-02 20:00:00,M017,66.94,3.94,2.18,3.66,OK
2026-09-03 00:00:00,M017,61.8,4.3,2.1,4.76,OK
2026-09-03 04:00:00,M017,62.88,3.83,2.09,5.4,OK
2026-09-03 08:00:00,M017,60.31,4.14,2.19,4.89,OK
2026-09-03 12:00:00,M017,60.78,4.2,2.14,3.6,OK
2026-09-03 16:00:00,M017,67.39,3.95,2.42,5.66,OK
2026-09-03 20:00:00,M017,58.44,4.18,2.59,6.74,OK
2026-09-04 00:00:00,M017,53.82,4.05,1.94,6.49,OK
2026-09-04 04:00:00,M017,58.57,3.99,2.73,4.83,OK
2026-09-04 08:00:00,M017,59.38,3.84,2.69,5.22,OK
2026-09-04 12:00:00,M017,56.87,3.92,2.15,8.06,OK
2026-09-04 16:00:00,M017,70.4,4.49,2.01,4.77,OK
2026-09-04 20:00:00,M017,56.11,4.03,1.63,5.21,OK
2026-08-01 00:00:00,M018,63.62,4.56,1.39,12.1,OK
2026-08-01 04:00:00,M018,74.86,4.68,1.44,13.13,OK
2026-08-01 08:00:00,M018,62.71,4.2,1.94,10.89,OK
2026-08-01 12:00:00,M018,62.72,4.58,1.47,8.98,OK
2026-08-01 16:00:00,M018,63.62,5.32,1.07,9.93,OK
2026-08-01 20:00:00,M018,71.37,4.81,1.74,11.02,OK
2026-08-02 00:00:00,M018,69.94,4.77,1.18,11.75,OK
2026-08-02 04:00:00,M018,61.42,5.14,0.96,9.82,OK
2026-08-02 08:00:00,M018,72.86,4.83,1.36,10.64,OK
2026-08-02 12:00:00,M018,65.81,4.75,1.7,10.69,OK
2026-08-02 16:00:00,M018,55.3,4.46,1.36,10.56,OK
2026-08-02 20:00:00,M018,81.72,4.05,1.67,10.88,OK
2026-08-03 00:00:00,M018,89.82,4.67,1.77,11.35,OK
2026-08-03 04:00:00,M018,69.52,4.53,1.63,11.02,OK
2026-08-03 08:00:00,M018,62.71,4.39,1.57,12.48,OK
2026-08-03 12:00:00,M018,63.82,4.31,1.67,12.42,OK
2026-08-03 16:00:00,M018,62.56,4.71,1.29,9.83,OK
2026-08-03 20:00:00,M018,69.24,5.03,1.28,11.82,OK
2026-08-04 00:00:00,M018,68.2,6.68,1.31,10.64,WARNING
2026-08-04 04:00:00,M018,63.34,4.54,1.69,10.61,OK
2026-08-04 08:00:00,M018,58.8,4.45,1.38,10.62,OK
2026-08-04 12:00:00,M018,71.75,4.62,1.29,11.5,OK
2026-08-04 16:00:00,M018,54.74,4.6,1.63,12.49,OK
2026-08-04 20:00:00,M018,53.87,4.3,1.65,9.43,OK
2026-08-05 00:00:00,M018,60.89,4.87,0.74,12.05,OK
2026-08-05 04:00:00,M018,68.49,4.54,0.94,13.09,OK
2026-08-05 08:00:00,M018,65.37,5.03,1.4,10.35,OK
2026-08-05 12:00:00,M018,67.07,4.7,1.38,11.8,OK
2026-08-05 16:00:00,M018,72.65,4.49,2.51,9.94,OK
2026-08-05 20:00:00,M018,66.07,4.87,1.65,13.28,OK
2026-08-06 00:00:00,M018,68.06,4.78,1.63,9.78,OK
2026-08-06 04:00:00,M018,74.76,4.88,2.44,11.37,OK
2026-08-06 08:00:00,M018,67.74,4.99,1.88,10.76,OK
2026-08-06 12:00:00,M018,69.46,4.75,1.22,10.0,OK
2026-08-06 16:00:00,M018,62.33,4.62,1.08,9.13,OK
2026-08-06 20:00:00,M018,75.25,4.62,1.56,9.61,OK
2026-08-07 00:00:00,M018,59.84,4.68,1.26,10.2,OK
2026-08-07 04:00:00,M018,69.95,4.9,1.76,10.74,OK
2026-08-07 08:00:00,M018,67.07,4.63,7.01,10.86,WARNING
2026-08-07 12:00:00,M018,55.96,4.78,1.36,8.51,OK
2026-08-07 16:00:00,M018,69.41,4.86,0.93,11.25,OK
2026-08-07 20:00:00,M018,56.05,4.41,2.1,10.46,OK
2026-08-08 00:00:00,M018,62.65,4.88,1.43,10.94,OK
2026-08-08 04:00:00,M018,64.38,4.71,0.49,10.39,OK
2026-08-08 08:00:00,M018,65.97,5.08,1.67,10.01,OK
2026-08-08 12:00:00,M018,63.69,4.73,2.11,11.37,OK
2026-08-08 16:00:00,M018,61.94,4.13,2.31,9.75,OK
2026-08-08 20:00:00,M018,65.25,4.57,1.43,11.5,OK
2026-08-09 00:00:00,M018,58.99,4.73,1.92,12.56,OK
2026-08-09 04:00:00,M018,116.55,5.01,2.23,11.76,CRITICAL
2026-08-09 08:00:00,M018,68.8,5.05,1.41,9.93,OK
2026-08-09 12:00:00,M018,72.1,5.01,1.72,10.91,OK
2026-08-09 16:00:00,M018,74.26,4.39,1.54,11.56,OK
2026-08-09 20:00:00,M018,68.11,5.01,1.18,10.61,OK
2026-08-10 00:00:00,M018,59.32,4.66,1.61,11.3,OK
2026-08-10 04:00:00,M018,71.32,4.82,1.54,8.76,OK
2026-08-10 08:00:00,M018,60.8,5.15,1.61,9.43,OK
2026-08-10 12:00:00,M018,63.39,4.78,1.82,10.97,OK
2026-08-10 16:00:00,M018,68.55,4.45,1.02,10.89,OK
2026-08-10 20:00:00,M018,63.46,4.46,6.05,10.79,WARNING
2026-08-11 00:00:00,M018,73.46,4.44,2.14,9.45,OK
2026-08-11 04:00:00,M018,68.81,4.69,1.8,10.32,OK
2026-08-11 08:00:00,M018,68.12,4.69,1.27,10.29,OK
2026-08-11 12:00:00,M018,76.16,3.98,1.75,11.94,OK
2026-08-11 16:00:00,M018,58.85,4.69,2.33,9.31,OK
2026-08-11 20:00:00,M018,71.66,4.7,1.56,8.74,OK
2026-08-12 00:00:00,M018,70.57,4.71,1.95,11.52,OK
2026-08-12 04:00:00,M018,64.96,4.93,1.19,9.94,OK
2026-08-12 08:00:00,M018,68.44,4.12,1.81,10.27,OK
2026-08-12 12:00:00,M018,65.35,4.55,1.67,9.74,OK
2026-08-12 16:00:00,M018,68.61,4.5,1.25,9.98,OK
2026-08-12 20:00:00,M018,68.89,4.97,1.98,11.45,OK
2026-08-13 00:00:00,M018,63.84,5.0,1.49,10.16,OK
2026-08-13 04:00:00,M018,60.07,4.46,1.26,11.54,OK
2026-08-13 08:00:00,M018,62.54,4.66,2.06,10.88,OK
2026-08-13 12:00:00,M018,107.91,4.69,1.18,9.82,WARNING
2026-08-13 16:00:00,M018,66.88,4.33,1.83,12.84,OK
2026-08-13 20:00:00,M018,63.95,4.78,1.46,8.71,OK
2026-08-14 00:00:00,M018,63.17,4.61,1.56,10.83,OK
2026-08-14 04:00:00,M018,61.31,4.98,1.33,10.39,OK
2026-08-14 08:00:00,M018,57.49,4.78,1.66,10.74,OK
2026-08-14 12:00:00,M018,70.19,6.4,2.46,10.32,WARNING
2026-08-14 16:00:00,M018,63.15,4.78,0.96,12.1,OK
2026-08-14 20:00:00,M018,71.06,4.4,1.51,14.08,OK
2026-08-15 00:00:00,M018,72.37,4.5,2.08,9.93,OK
2026-08-15 04:00:00,M018,68.82,4.33,2.5,9.57,OK
2026-08-15 08:00:00,M018,64.09,4.39,1.18,9.56,OK
2026-08-15 12:00:00,M018,67.53,4.87,1.39,9.91,OK
2026-08-15 16:00:00,M018,62.15,4.82,1.08,10.27,OK
2026-08-15 20:00:00,M018,58.66,4.27,0.95,10.94,OK
2026-08-16 00:00:00,M018,70.02,4.45,1.21,11.74,OK
2026-08-16 04:00:00,M018,95.19,4.76,1.51,10.55,OK
2026-08-16 08:00:00,M018,70.38,5.06,1.6,9.82,OK
2026-08-16 12:00:00,M018,69.75,4.88,1.57,11.78,OK
2026-08-16 16:00:00,M018,60.18,4.63,2.17,12.09,OK
2026-08-16 20:00:00,M018,66.22,4.61,1.56,11.09,OK
2026-08-17 00:00:00,M018,62.19,5.12,1.36,8.09,OK
2026-08-17 04:00:00,M018,62.3,4.8,1.53,12.0,OK
2026-08-17 08:00:00,M018,63.8,4.18,1.31,14.24,OK
2026-08-17 12:00:00,M018,74.89,4.38,1.59,11.62,OK
2026-08-17 16:00:00,M018,64.16,4.58,1.92,11.28,OK
2026-08-17 20:00:00,M018,72.23,4.59,1.88,9.24,OK
2026-08-18 00:00:00,M018,66.97,4.36,1.04,9.94,OK
2026-08-18 04:00:00,M018,61.99,4.95,1.9,10.22,OK
2026-08-18 08:00:00,M018,65.46,4.82,1.19,11.4,OK
2026-08-18 12:00:00,M018,65.29,4.78,0.91,12.84,OK
2026-08-18 16:00:00,M018,65.87,4.52,1.67,10.87,OK
2026-08-18 20:00:00,M018,71.44,4.53,0.49,10.62,OK
2026-08-19 00:00:00,M018,65.46,4.83,0.85,9.77,OK
2026-08-19 04:00:00,M018,73.54,4.47,0.2,11.69,OK
2026-08-19 08:00:00,M018,66.67,4.6,1.46,10.25,OK
2026-08-19 12:00:00,M018,64.89,4.1,0.75,10.4,OK
2026-08-19 16:00:00,M018,73.47,4.3,1.22,9.28,OK
2026-08-19 20:00:00,M018,62.99,4.71,1.05,11.26,OK
2026-08-20 00:00:00,M018,105.87,4.15,1.45,9.06,WARNING
2026-08-20 04:00:00,M018,71.64,4.55,2.49,10.84,OK
2026-08-20 08:00:00,M018,71.17,4.94,0.84,11.83,OK
2026-08-20 12:00:00,M018,74.47,4.89,1.33,9.37,OK
2026-08-20 16:00:00,M018,71.14,4.6,0.83,11.36,OK
2026-08-20 20:00:00,M018,74.27,4.49,2.01,8.98,OK
2026-08-21 00:00:00,M018,73.17,4.46,1.76,9.16,OK
2026-08-21 04:00:00,M018,74.09,5.13,1.41,11.17,OK
2026-08-21 08:00:00,M018,66.09,4.63,1.47,10.39,OK
2026-08-21 12:00:00,M018,70.02,6.01,2.3,11.24,OK
2026-08-21 16:00:00,M018,64.48,4.29,1.26,10.82,OK
2026-08-21 20:00:00,M018,66.81,4.55,1.32,9.91,OK
2026-08-22 00:00:00,M018,60.09,4.61,0.67,10.93,OK
2026-08-22 04:00:00,M018,60.27,4.7,0.9,11.01,OK
2026-08-22 08:00:00,M018,59.65,5.01,1.63,10.03,OK
2026-08-22 12:00:00,M018,61.85,4.55,1.25,12.67,OK
2026-08-22 16:00:00,M018,65.35,4.58,1.65,9.92,OK
2026-08-22 20:00:00,M018,69.05,4.57,1.57,12.63,OK
2026-08-23 00:00:00,M018,64.74,4.75,1.65,9.41,OK
2026-08-23 04:00:00,M018,72.43,4.81,0.98,10.47,OK
2026-08-23 08:00:00,M018,59.52,4.65,1.78,11.08,OK
2026-08-23 12:00:00,M018,66.68,4.5,1.99,11.48,OK
2026-08-23 16:00:00,M018,69.49,4.92,1.57,10.71,OK
2026-08-23 20:00:00,M018,59.78,4.57,1.34,12.31,OK
2026-08-24 00:00:00,M018,72.05,4.84,2.2,11.21,OK
2026-08-24 04:00:00,M018,57.16,4.91,1.64,11.96,OK
2026-08-24 08:00:00,M018,65.55,4.71,1.69,9.77,OK
2026-08-24 12:00:00,M018,58.36,4.74,1.89,12.08,OK
2026-08-24 16:00:00,M018,66.11,4.13,2.01,9.73,OK
2026-08-24 20:00:00,M018,67.91,4.4,1.28,10.8,OK
2026-08-25 00:00:00,M018,67.29,4.51,1.97,10.87,OK
2026-08-25 04:00:00,M018,63.33,4.84,1.8,12.24,OK
2026-08-25 08:00:00,M018,66.64,4.75,1.57,7.19,OK
2026-08-25 12:00:00,M018,74.21,4.6,1.73,10.84,OK
2026-08-25 16:00:00,M018,61.18,5.06,1.73,11.8,OK
2026-08-25 20:00:00,M018,66.12,4.79,2.07,14.01,OK
2026-08-26 00:00:00,M018,61.18,4.47,0.39,9.99,OK
2026-08-26 04:00:00,M018,57.6,4.92,1.76,10.78,OK
2026-08-26 08:00:00,M018,65.57,4.71,1.82,10.98,OK
2026-08-26 12:00:00,M018,110.73,4.83,1.76,10.96,WARNING
2026-08-26 16:00:00,M018,78.74,4.43,2.84,9.29,OK
2026-08-26 20:00:00,M018,70.62,4.67,1.94,10.29,OK
2026-08-27 00:00:00,M018,63.31,4.56,1.71,9.82,OK
2026-08-27 04:00:00,M018,72.73,4.7,1.65,10.32,OK
2026-08-27 08:00:00,M018,67.54,4.42,2.1,10.41,OK
2026-08-27 12:00:00,M018,72.35,4.51,0.92,9.55,OK
2026-08-27 16:00:00,M018,62.55,4.83,2.08,10.72,OK
2026-08-27 20:00:00,M018,59.93,4.49,1.35,11.79,OK
2026-08-28 00:00:00,M018,92.98,4.69,1.96,9.63,OK
2026-08-28 04:00:00,M018,71.05,4.66,1.37,10.5,OK
2026-08-28 08:00:00,M018,65.89,4.5,7.15,10.73,WARNING
2026-08-28 12:00:00,M018,66.59,4.22,1.28,11.39,OK
2026-08-28 16:00:00,M018,61.38,4.79,2.3,12.64,OK
2026-08-28 20:00:00,M018,70.31,4.81,1.37,11.5,OK
2026-08-29 00:00:00,M018,70.67,6.43,1.92,11.77,WARNING
2026-08-29 04:00:00,M018,52.51,4.94,1.96,12.43,OK
2026-08-29 08:00:00,M018,62.45,4.93,1.74,8.76,OK
2026-08-29 12:00:00,M018,67.54,4.65,2.11,11.02,OK
2026-08-29 16:00:00,M018,61.28,4.71,1.49,11.58,OK
2026-08-29 20:00:00,M018,73.95,4.24,1.83,12.29,OK
2026-08-30 00:00:00,M018,101.86,4.54,1.71,11.62,WARNING
2026-08-30 04:00:00,M018,58.31,4.54,0.58,11.8,OK
2026-08-30 08:00:00,M018,72.45,4.78,1.51,10.38,OK
2026-08-30 12:00:00,M018,68.82,4.6,1.99,10.52,OK
2026-08-30 16:00:00,M018,76.5,4.44,1.73,10.25,OK
2026-08-30 20:00:00,M018,67.3,4.91,1.64,11.19,OK
2026-08-31 00:00:00,M018,55.72,4.87,2.0,12.58,OK
2026-08-31 04:00:00,M018,71.17,4.44,0.88,10.23,OK
2026-08-31 08:00:00,M018,68.57,4.72,1.04,11.21,OK
2026-08-31 12:00:00,M018,63.78,5.1,1.69,8.79,OK
2026-08-31 16:00:00,M018,65.37,4.32,1.07,9.8,OK
2026-08-31 20:00:00,M018,74.4,4.65,1.87,12.11,OK
2026-09-01 00:00:00,M018,88.2,4.84,2.22,9.05,OK
2026-09-01 04:00:00,M018,63.25,4.66,1.62,11.94,OK
2026-09-01 08:00:00,M018,59.7,4.59,1.74,11.83,OK
2026-09-01 12:00:00,M018,72.55,4.47,1.47,14.12,OK
2026-09-01 16:00:00,M018,59.03,6.17,1.15,11.3,OK
2026-09-01 20:00:00,M018,70.13,4.22,1.26,9.22,OK
2026-09-02 00:00:00,M018,57.9,4.52,0.85,10.07,OK
2026-09-02 04:00:00,M018,68.46,4.42,1.06,10.88,OK
2026-09-02 08:00:00,M018,65.2,4.48,1.79,12.09,OK
2026-09-02 12:00:00,M018,60.6,5.11,1.14,8.36,OK
2026-09-02 16:00:00,M018,60.55,5.25,2.28,12.65,OK
2026-09-02 20:00:00,M018,51.3,4.94,1.39,12.7,OK
2026-09-03 00:00:00,M018,66.67,4.56,1.75,10.22,OK
2026-09-03 04:00:00,M018,76.8,4.94,2.41,10.72,OK
2026-09-03 08:00:00,M018,60.94,4.11,1.96,8.57,OK
2026-09-03 12:00:00,M018,67.65,4.56,1.88,9.37,OK
2026-09-03 16:00:00,M018,58.46,4.65,0.9,12.29,OK
2026-09-03 20:00:00,M018,66.31,7.01,1.84,10.56,CRITICAL
2026-09-04 00:00:00,M018,63.54,4.71,1.35,8.52,OK
2026-09-04 04:00:00,M018,61.91,4.48,1.14,11.94,OK
2026-09-04 08:00:00,M018,57.24,4.86,1.28,9.46,OK
2026-09-04 12:00:00,M018,58.8,4.75,1.29,11.41,OK
2026-09-04 16:00:00,M018,66.87,4.82,1.3,12.15,OK
2026-09-04 20:00:00,M018,62.03,4.62,1.88,10.61,OK
2026-08-01 00:00:00,M019,65.88,3.64,1.26,8.35,OK
2026-08-01 04:00:00,M019,79.86,3.67,1.02,7.55,OK
2026-08-01 08:00:00,M019,74.4,3.84,1.0,8.06,OK
2026-08-01 12:00:00,M019,72.62,3.51,1.48,8.29,OK
2026-08-01 16:00:00,M019,70.56,4.03,1.06,6.57,OK
2026-08-01 20:00:00,M019,84.74,3.79,0.84,6.89,OK
2026-08-02 00:00:00,M019,69.56,3.31,1.56,4.54,OK
2026-08-02 04:00:00,M019,67.35,3.61,1.06,7.37,OK
2026-08-02 08:00:00,M019,69.47,3.75,1.44,5.4,OK
2026-08-02 12:00:00,M019,70.54,3.88,1.21,5.57,OK
2026-08-02 16:00:00,M019,70.96,3.39,1.14,5.31,OK
2026-08-02 20:00:00,M019,72.08,3.72,7.33,7.14,WARNING
2026-08-03 00:00:00,M019,78.38,4.01,2.01,6.71,OK
2026-08-03 04:00:00,M019,61.32,4.11,1.06,8.82,OK
2026-08-03 08:00:00,M019,68.98,3.65,1.1,5.31,OK
2026-08-03 12:00:00,M019,69.57,3.85,1.02,6.32,OK
2026-08-03 16:00:00,M019,67.26,3.79,1.89,8.41,OK
2026-08-03 20:00:00,M019,67.75,4.21,1.23,6.9,OK
2026-08-04 00:00:00,M019,69.0,3.67,0.79,6.43,OK
2026-08-04 04:00:00,M019,53.3,3.54,0.61,8.0,OK
2026-08-04 08:00:00,M019,76.63,4.08,1.22,3.86,OK
2026-08-04 12:00:00,M019,70.35,3.59,2.34,7.0,OK
2026-08-04 16:00:00,M019,70.27,3.94,0.74,4.79,OK
2026-08-04 20:00:00,M019,73.81,4.35,1.08,6.14,OK
2026-08-05 00:00:00,M019,68.39,4.25,1.1,7.75,OK
2026-08-05 04:00:00,M019,57.0,3.94,0.94,7.19,OK
2026-08-05 08:00:00,M019,70.91,3.64,1.35,5.17,OK
2026-08-05 12:00:00,M019,61.92,3.42,0.12,6.14,OK
2026-08-05 16:00:00,M019,70.01,3.44,1.21,7.77,OK
2026-08-05 20:00:00,M019,66.51,3.99,1.54,6.21,OK
2026-08-06 00:00:00,M019,68.68,4.35,0.99,6.59,OK
2026-08-06 04:00:00,M019,74.31,3.74,1.06,7.04,OK
2026-08-06 08:00:00,M019,68.72,4.16,1.48,6.32,OK
2026-08-06 12:00:00,M019,59.27,3.98,1.36,5.4,OK
2026-08-06 16:00:00,M019,69.13,3.95,2.27,6.22,OK
2026-08-06 20:00:00,M019,72.97,3.43,6.0,5.66,OK
2026-08-07 00:00:00,M019,71.83,4.18,2.29,6.3,OK
2026-08-07 04:00:00,M019,71.27,4.02,1.66,9.16,OK
2026-08-07 08:00:00,M019,75.14,3.85,1.99,7.13,OK
2026-08-07 12:00:00,M019,73.26,3.66,1.3,6.04,OK
2026-08-07 16:00:00,M019,72.64,3.79,1.47,5.83,OK
2026-08-07 20:00:00,M019,65.7,3.76,1.09,4.05,OK
2026-08-08 00:00:00,M019,67.99,4.16,0.92,6.72,OK
2026-08-08 04:00:00,M019,74.77,3.85,1.37,7.13,OK
2026-08-08 08:00:00,M019,73.22,4.22,1.21,4.29,OK
2026-08-08 12:00:00,M019,66.39,3.73,1.48,6.8,OK
2026-08-08 16:00:00,M019,78.53,3.95,1.24,8.08,OK
2026-08-08 20:00:00,M019,98.45,3.92,1.33,6.64,OK
2026-08-09 00:00:00,M019,71.62,4.01,1.7,6.18,OK
2026-08-09 04:00:00,M019,60.05,3.35,1.93,8.74,OK
2026-08-09 08:00:00,M019,69.82,3.89,1.71,7.34,OK
2026-08-09 12:00:00,M019,84.65,3.23,1.07,6.75,OK
2026-08-09 16:00:00,M019,81.64,3.6,0.97,8.54,OK
2026-08-09 20:00:00,M019,63.75,3.76,0.77,6.8,OK
2026-08-10 00:00:00,M019,74.37,3.51,1.77,7.32,OK
2026-08-10 04:00:00,M019,71.02,3.53,1.45,7.18,OK
2026-08-10 08:00:00,M019,74.74,4.27,1.64,5.06,OK
2026-08-10 12:00:00,M019,65.47,3.61,1.71,3.66,OK
2026-08-10 16:00:00,M019,74.36,3.95,1.04,5.13,OK
2026-08-10 20:00:00,M019,71.72,3.43,1.77,6.64,OK
2026-08-11 00:00:00,M019,77.08,3.64,1.68,7.44,OK
2026-08-11 04:00:00,M019,68.52,3.54,1.67,6.19,OK
2026-08-11 08:00:00,M019,68.98,3.4,2.12,7.08,OK
2026-08-11 12:00:00,M019,68.56,3.91,1.2,7.03,OK
2026-08-11 16:00:00,M019,73.6,3.82,1.6,4.36,OK
2026-08-11 20:00:00,M019,72.26,3.77,1.85,4.72,OK
2026-08-12 00:00:00,M019,64.05,4.04,2.0,7.02,OK
2026-08-12 04:00:00,M019,69.27,4.07,1.33,9.04,OK
2026-08-12 08:00:00,M019,78.28,3.96,1.35,5.72,OK
2026-08-12 12:00:00,M019,68.69,3.65,1.79,6.38,OK
2026-08-12 16:00:00,M019,64.34,3.92,1.84,5.8,OK
2026-08-12 20:00:00,M019,75.68,3.59,1.54,7.81,OK
2026-08-13 00:00:00,M019,72.07,4.66,0.7,4.45,OK
2026-08-13 04:00:00,M019,65.13,3.75,1.56,5.86,OK
2026-08-13 08:00:00,M019,77.85,3.43,0.86,7.94,OK
2026-08-13 12:00:00,M019,68.54,4.1,1.75,6.85,OK
2026-08-13 16:00:00,M019,69.52,3.74,2.14,6.21,OK
2026-08-13 20:00:00,M019,74.44,4.11,2.07,5.44,OK
2026-08-14 00:00:00,M019,69.77,3.46,1.61,7.0,OK
2026-08-14 04:00:00,M019,71.9,4.02,0.54,6.58,OK
2026-08-14 08:00:00,M019,72.48,3.74,1.38,4.64,OK
2026-08-14 12:00:00,M019,76.33,3.94,1.73,6.91,OK
2026-08-14 16:00:00,M019,92.79,4.05,1.18,6.41,OK
2026-08-14 20:00:00,M019,73.6,3.23,0.86,7.59,OK
2026-08-15 00:00:00,M019,74.2,3.44,1.32,4.95,OK
2026-08-15 04:00:00,M019,72.79,3.59,1.81,5.37,OK
2026-08-15 08:00:00,M019,73.84,4.06,1.41,2.96,OK
2026-08-15 12:00:00,M019,61.04,3.85,1.59,5.64,OK
2026-08-15 16:00:00,M019,66.39,3.87,1.4,5.11,OK
2026-08-15 20:00:00,M019,75.09,3.71,1.41,7.73,OK
2026-08-16 00:00:00,M019,68.17,4.15,1.92,6.81,OK
2026-08-16 04:00:00,M019,66.66,3.87,0.97,6.11,OK
2026-08-16 08:00:00,M019,69.48,4.06,1.28,6.03,OK
2026-08-16 12:00:00,M019,74.33,3.75,2.22,7.06,OK
2026-08-16 16:00:00,M019,65.53,3.89,1.74,7.62,OK
2026-08-16 20:00:00,M019,67.59,3.7,1.57,5.71,OK
2026-08-17 00:00:00,M019,71.04,3.8,1.16,5.9,OK
2026-08-17 04:00:00,M019,70.27,3.52,1.41,8.12,OK
2026-08-17 08:00:00,M019,84.12,3.62,1.28,7.35,OK
2026-08-17 12:00:00,M019,72.48,3.59,1.06,4.13,OK
2026-08-17 16:00:00,M019,72.37,3.16,1.08,6.21,OK
2026-08-17 20:00:00,M019,70.87,3.75,1.74,8.99,OK
2026-08-18 00:00:00,M019,62.72,3.22,1.02,7.49,OK
2026-08-18 04:00:00,M019,64.42,3.43,2.0,6.34,OK
2026-08-18 08:00:00,M019,71.76,3.96,1.48,7.7,OK
2026-08-18 12:00:00,M019,70.11,3.54,1.66,7.62,OK
2026-08-18 16:00:00,M019,61.6,3.68,1.7,5.83,OK
2026-08-18 20:00:00,M019,69.18,3.98,1.0,6.36,OK
2026-08-19 00:00:00,M019,70.06,4.0,1.37,7.18,OK
2026-08-19 04:00:00,M019,68.3,3.66,1.68,6.13,OK
2026-08-19 08:00:00,M019,78.28,3.61,7.01,7.34,WARNING
2026-08-19 12:00:00,M019,70.66,3.69,1.46,4.82,OK
2026-08-19 16:00:00,M019,70.74,4.38,1.15,6.41,OK
2026-08-19 20:00:00,M019,68.8,3.36,1.73,6.98,OK
2026-08-20 00:00:00,M019,69.71,3.88,1.35,6.98,OK
2026-08-20 04:00:00,M019,67.1,3.77,1.22,7.25,OK
2026-08-20 08:00:00,M019,65.8,3.58,1.06,5.86,OK
2026-08-20 12:00:00,M019,73.58,3.82,1.37,7.89,OK
2026-08-20 16:00:00,M019,65.61,3.4,0.98,6.61,OK
2026-08-20 20:00:00,M019,79.49,3.45,0.88,5.5,OK
2026-08-21 00:00:00,M019,75.35,3.71,1.22,8.47,OK
2026-08-21 04:00:00,M019,79.99,3.32,1.21,4.88,OK
2026-08-21 08:00:00,M019,76.66,3.6,1.65,6.28,OK
2026-08-21 12:00:00,M019,76.01,3.43,1.64,7.75,OK
2026-08-21 16:00:00,M019,72.14,3.85,1.43,8.23,OK
2026-08-21 20:00:00,M019,73.73,3.88,2.72,7.75,OK
2026-08-22 00:00:00,M019,71.28,3.81,0.59,6.75,OK
2026-08-22 04:00:00,M019,66.8,3.8,1.41,6.36,OK
2026-08-22 08:00:00,M019,69.54,3.92,1.11,6.25,OK
2026-08-22 12:00:00,M019,71.87,3.43,1.04,5.39,OK
2026-08-22 16:00:00,M019,68.97,4.02,1.17,7.32,OK
2026-08-22 20:00:00,M019,72.12,3.48,2.21,4.55,OK
2026-08-23 00:00:00,M019,96.3,4.2,2.37,6.26,OK
2026-08-23 04:00:00,M019,71.87,3.33,1.56,6.85,OK
2026-08-23 08:00:00,M019,78.67,3.84,1.69,5.51,OK
2026-08-23 12:00:00,M019,71.66,3.86,1.36,6.9,OK
2026-08-23 16:00:00,M019,101.46,,1.79,6.1,WARNING
2026-08-23 20:00:00,M019,75.91,4.3,1.05,7.29,OK
2026-08-24 00:00:00,M019,72.0,4.27,1.49,5.57,OK
2026-08-24 04:00:00,M019,74.04,3.56,0.08,6.85,OK
2026-08-24 08:00:00,M019,72.63,3.64,1.75,7.66,OK
2026-08-24 12:00:00,M019,69.9,3.3,2.14,7.37,OK
2026-08-24 16:00:00,M019,67.69,3.72,0.51,5.95,OK
2026-08-24 20:00:00,M019,70.89,4.12,1.17,5.42,OK
2026-08-25 00:00:00,M019,75.43,3.71,1.75,8.27,OK
2026-08-25 04:00:00,M019,71.57,3.87,1.79,7.59,OK
2026-08-25 08:00:00,M019,73.22,3.69,1.79,5.67,OK
2026-08-25 12:00:00,M019,65.03,4.05,1.77,6.1,OK
2026-08-25 16:00:00,M019,73.21,5.59,1.31,6.02,OK
2026-08-25 20:00:00,M019,74.58,3.39,0.72,6.06,OK
2026-08-26 00:00:00,M019,76.53,3.53,2.02,7.14,OK
2026-08-26 04:00:00,M019,71.46,3.72,1.57,7.14,OK
2026-08-26 08:00:00,M019,73.54,3.89,1.44,5.85,OK
2026-08-26 12:00:00,M019,67.55,3.69,1.47,6.52,OK
2026-08-26 16:00:00,M019,69.06,3.72,1.84,7.12,OK
2026-08-26 20:00:00,M019,69.09,3.75,1.64,6.77,OK
2026-08-27 00:00:00,M019,73.92,4.07,0.79,8.63,OK
2026-08-27 04:00:00,M019,62.57,3.41,1.25,7.14,OK
2026-08-27 08:00:00,M019,70.64,3.81,2.62,6.5,OK
2026-08-27 12:00:00,M019,72.13,3.78,1.97,8.14,OK
2026-08-27 16:00:00,M019,67.38,3.96,1.55,9.72,OK
2026-08-27 20:00:00,M019,61.06,3.2,1.42,5.08,OK
2026-08-28 00:00:00,M019,68.98,4.11,2.06,5.39,OK
2026-08-28 04:00:00,M019,68.06,3.85,2.16,4.83,OK
2026-08-28 08:00:00,M019,69.15,3.56,1.59,6.69,OK
2026-08-28 12:00:00,M019,68.87,3.67,1.55,4.21,OK
2026-08-28 16:00:00,M019,62.82,3.65,1.49,7.06,OK
2026-08-28 20:00:00,M019,68.16,3.74,0.55,5.44,OK
2026-08-29 00:00:00,M019,83.97,3.82,0.87,8.06,OK
2026-08-29 04:00:00,M019,63.84,3.98,1.27,8.58,OK
2026-08-29 08:00:00,M019,85.08,3.95,1.6,7.22,OK
2026-08-29 12:00:00,M019,72.45,3.98,0.87,5.46,OK
2026-08-29 16:00:00,M019,70.29,3.68,0.75,5.9,OK
2026-08-29 20:00:00,M019,72.97,3.82,1.38,5.2,OK
2026-08-30 00:00:00,M019,71.57,3.51,1.56,7.14,OK
2026-08-30 04:00:00,M019,61.32,3.59,2.5,7.44,OK
2026-08-30 08:00:00,M019,75.1,3.58,1.57,7.93,OK
2026-08-30 12:00:00,M019,79.09,3.68,2.23,7.2,OK
2026-08-30 16:00:00,M019,65.83,3.71,0.87,8.06,OK
2026-08-30 20:00:00,M019,57.43,3.45,1.07,3.85,OK
2026-08-31 00:00:00,M019,77.69,3.83,1.43,6.92,OK
2026-08-31 04:00:00,M019,74.29,3.84,1.85,5.01,OK
2026-08-31 08:00:00,M019,58.86,3.79,1.74,6.36,OK
2026-08-31 12:00:00,M019,71.31,4.07,0.99,7.44,OK
2026-08-31 16:00:00,M019,64.58,3.68,2.32,7.74,OK
2026-08-31 20:00:00,M019,77.19,3.49,0.95,7.37,OK
2026-09-01 00:00:00,M019,70.46,3.4,1.52,7.18,OK
2026-09-01 04:00:00,M019,65.6,4.14,1.17,6.73,OK
2026-09-01 08:00:00,M019,68.52,3.7,5.63,7.8,OK
2026-09-01 12:00:00,M019,75.47,3.36,1.61,5.02,OK
2026-09-01 16:00:00,M019,67.73,4.15,1.48,7.04,OK
2026-09-01 20:00:00,M019,74.98,3.41,1.19,6.64,OK
2026-09-02 00:00:00,M019,70.41,3.59,1.47,8.17,OK
2026-09-02 04:00:00,M019,76.67,3.7,1.3,3.71,OK
2026-09-02 08:00:00,M019,75.57,3.6,2.14,8.21,OK
2026-09-02 12:00:00,M019,67.83,3.48,0.52,6.97,OK
2026-09-02 16:00:00,M019,66.73,3.6,0.86,5.84,OK
2026-09-02 20:00:00,M019,65.27,4.01,1.31,8.32,OK
2026-09-03 00:00:00,M019,73.7,3.75,1.72,8.44,OK
2026-09-03 04:00:00,M019,72.92,3.63,1.21,5.81,OK
2026-09-03 08:00:00,M019,109.45,3.85,1.4,6.72,WARNING
2026-09-03 12:00:00,M019,68.41,3.83,0.86,7.37,OK
2026-09-03 16:00:00,M019,64.54,3.62,1.98,5.74,OK
2026-09-03 20:00:00,M019,74.7,3.63,1.27,7.95,OK
2026-09-04 00:00:00,M019,61.71,4.39,1.03,7.92,OK
2026-09-04 04:00:00,M019,68.99,3.94,1.7,5.81,OK
2026-09-04 08:00:00,M019,69.25,3.73,0.92,5.0,OK
2026-09-04 12:00:00,M019,68.79,3.8,1.15,5.93,OK
2026-09-04 16:00:00,M019,69.74,4.21,1.44,6.33,OK
2026-09-04 20:00:00,M019,59.51,3.85,1.03,4.21,OK
2026-08-01 00:00:00,M020,72.79,3.53,1.09,11.32,OK
2026-08-01 04:00:00,M020,79.51,3.63,2.34,8.75,OK
2026-08-01 08:00:00,M020,87.59,4.22,1.57,10.86,OK
2026-08-01 12:00:00,M020,69.96,4.09,1.64,10.39,OK
2026-08-01 16:00:00,M020,72.49,3.33,2.17,8.35,OK
2026-08-01 20:00:00,M020,74.06,3.87,1.56,9.84,OK
2026-08-02 00:00:00,M020,73.4,3.73,1.98,9.58,OK
2026-08-02 04:00:00,M020,76.86,3.59,1.19,12.56,OK
2026-08-02 08:00:00,M020,68.51,3.82,1.64,10.33,OK
2026-08-02 12:00:00,M020,81.64,3.84,1.03,10.1,OK
2026-08-02 16:00:00,M020,69.93,4.0,6.94,10.39,WARNING
2026-08-02 20:00:00,M020,76.54,3.47,1.67,8.79,OK
2026-08-03 00:00:00,M020,78.92,3.52,1.51,11.73,OK
2026-08-03 04:00:00,M020,78.85,3.86,2.12,12.94,OK
2026-08-03 08:00:00,M020,81.06,3.43,1.84,13.6,OK
2026-08-03 12:00:00,M020,88.88,3.69,2.15,9.38,OK
2026-08-03 16:00:00,M020,68.34,3.73,1.83,9.08,OK
2026-08-03 20:00:00,M020,74.28,3.65,2.01,11.24,OK
2026-08-04 00:00:00,M020,82.03,3.36,1.61,9.91,OK
2026-08-04 04:00:00,M020,84.45,3.3,1.65,8.99,OK
2026-08-04 08:00:00,M020,69.74,3.95,1.68,10.49,OK
2026-08-04 12:00:00,M020,77.21,3.19,0.99,9.34,OK
2026-08-04 16:00:00,M020,80.11,4.08,1.64,10.51,OK
2026-08-04 20:00:00,M020,112.03,3.86,1.86,12.14,WARNING
2026-08-05 00:00:00,M020,70.94,3.47,1.19,10.74,OK
2026-08-05 04:00:00,M020,85.49,3.78,1.83,9.53,OK
2026-08-05 08:00:00,M020,73.89,3.51,1.06,8.74,OK
2026-08-05 12:00:00,M020,80.95,3.55,1.01,11.29,OK
2026-08-05 16:00:00,M020,79.49,3.69,1.69,9.23,OK
2026-08-05 20:00:00,M020,78.99,3.45,1.4,11.26,OK
2026-08-06 00:00:00,M020,77.23,3.17,1.35,8.81,OK
2026-08-06 04:00:00,M020,73.8,3.45,7.0,12.73,WARNING
2026-08-06 08:00:00,M020,76.14,3.5,1.7,10.47,OK
2026-08-06 12:00:00,M020,75.86,3.46,1.53,10.46,OK
2026-08-06 16:00:00,M020,77.32,3.76,5.99,11.19,OK
2026-08-06 20:00:00,M020,71.36,3.59,1.64,9.69,OK
2026-08-07 00:00:00,M020,69.16,3.73,1.28,12.91,OK
2026-08-07 04:00:00,M020,81.97,3.03,1.17,11.57,OK
2026-08-07 08:00:00,M020,77.2,3.75,1.71,10.26,OK
2026-08-07 12:00:00,M020,73.62,3.15,1.88,11.37,OK
2026-08-07 16:00:00,M020,73.92,3.75,1.86,11.62,OK
2026-08-07 20:00:00,M020,84.11,3.46,1.7,7.95,OK
2026-08-08 00:00:00,M020,75.75,3.71,1.89,12.7,OK
2026-08-08 04:00:00,M020,70.51,3.55,1.33,10.83,OK
2026-08-08 08:00:00,M020,83.77,3.8,2.22,9.6,OK
2026-08-08 12:00:00,M020,78.29,3.75,1.02,9.86,OK
2026-08-08 16:00:00,M020,75.28,3.65,1.45,11.61,OK
2026-08-08 20:00:00,M020,72.53,3.88,1.27,11.26,OK
2026-08-09 00:00:00,M020,85.7,3.42,1.81,10.73,OK
2026-08-09 04:00:00,M020,76.42,3.9,1.74,10.41,OK
2026-08-09 08:00:00,M020,74.48,3.54,2.17,10.62,OK
2026-08-09 12:00:00,M020,75.77,3.86,1.14,10.64,OK
2026-08-09 16:00:00,M020,75.73,3.32,2.17,9.86,OK
2026-08-09 20:00:00,M020,76.4,4.32,7.82,11.66,WARNING
2026-08-10 00:00:00,M020,78.0,2.93,1.65,10.6,OK
2026-08-10 04:00:00,M020,68.7,3.59,1.04,12.46,OK
2026-08-10 08:00:00,M020,80.84,3.67,1.29,9.51,OK
2026-08-10 12:00:00,M020,76.02,3.29,2.03,11.61,OK
2026-08-10 16:00:00,M020,76.2,3.69,1.84,10.86,OK
2026-08-10 20:00:00,M020,68.31,4.03,7.69,10.58,WARNING
2026-08-11 00:00:00,M020,81.64,3.49,1.29,8.3,OK
2026-08-11 04:00:00,M020,69.47,3.7,1.39,12.19,OK
2026-08-11 08:00:00,M020,72.58,3.34,1.63,11.31,OK
2026-08-11 12:00:00,M020,73.03,3.76,5.32,11.87,OK
2026-08-11 16:00:00,M020,78.56,3.48,1.32,7.48,OK
2026-08-11 20:00:00,M020,79.46,3.9,1.43,8.68,OK
2026-08-12 00:00:00,M020,80.07,3.7,1.91,9.1,OK
2026-08-12 04:00:00,M020,81.2,3.8,1.61,11.18,OK
2026-08-12 08:00:00,M020,121.77,3.49,2.26,8.31,CRITICAL
2026-08-12 12:00:00,M020,70.73,4.16,1.11,9.19,OK
2026-08-12 16:00:00,M020,78.99,3.99,1.32,11.12,OK
2026-08-12 20:00:00,M020,67.9,4.12,1.59,8.4,OK
2026-08-13 00:00:00,M020,66.12,3.65,1.36,11.11,OK
2026-08-13 04:00:00,M020,87.67,3.75,1.73,11.08,OK
2026-08-13 08:00:00,M020,74.76,3.61,1.46,12.09,OK
2026-08-13 12:00:00,M020,69.48,3.6,1.31,9.49,OK
2026-08-13 16:00:00,M020,66.85,3.94,2.09,10.94,OK
2026-08-13 20:00:00,M020,67.63,3.81,1.35,11.32,OK
2026-08-14 00:00:00,M020,76.25,3.24,0.97,10.19,OK
2026-08-14 04:00:00,M020,106.1,3.53,1.9,9.63,WARNING
2026-08-14 08:00:00,M020,75.09,3.45,1.59,10.51,OK
2026-08-14 12:00:00,M020,77.35,3.46,2.07,11.48,OK
2026-08-14 16:00:00,M020,71.62,3.41,1.94,8.76,OK
2026-08-14 20:00:00,M020,72.9,3.55,1.35,11.71,OK
2026-08-15 00:00:00,M020,107.24,3.82,2.15,8.81,WARNING
2026-08-15 04:00:00,M020,76.25,3.76,1.86,9.59,OK
2026-08-15 08:00:00,M020,70.19,4.08,1.49,9.91,OK
2026-08-15 12:00:00,M020,74.03,3.91,1.89,10.1,OK
2026-08-15 16:00:00,M020,70.15,3.88,1.36,11.37,OK
2026-08-15 20:00:00,M020,76.39,3.78,1.29,10.75,OK
2026-08-16 00:00:00,M020,82.88,3.82,1.97,9.24,OK
2026-08-16 04:00:00,M020,71.93,3.62,1.16,10.28,OK
2026-08-16 08:00:00,M020,69.74,3.91,0.75,10.16,OK
2026-08-16 12:00:00,M020,74.62,3.35,1.85,9.9,OK
2026-08-16 16:00:00,M020,72.42,3.83,7.05,9.07,WARNING
2026-08-16 20:00:00,M020,75.97,3.73,1.25,11.39,OK
2026-08-17 00:00:00,M020,115.61,3.49,1.95,9.98,CRITICAL
2026-08-17 04:00:00,M020,75.62,3.49,1.31,10.31,OK
2026-08-17 08:00:00,M020,67.79,3.52,1.76,8.43,OK
2026-08-17 12:00:00,M020,78.05,3.38,1.77,9.61,OK
2026-08-17 16:00:00,M020,76.85,3.96,1.69,10.55,OK
2026-08-17 20:00:00,M020,69.34,3.23,1.92,10.6,OK
2026-08-18 00:00:00,M020,77.41,3.75,1.21,8.21,OK
2026-08-18 04:00:00,M020,84.21,3.06,1.84,11.42,OK
2026-08-18 08:00:00,M020,85.28,3.55,1.83,11.86,OK
2026-08-18 12:00:00,M020,78.66,3.15,2.23,10.97,OK
2026-08-18 16:00:00,M020,83.81,3.58,0.96,10.59,OK
2026-08-18 20:00:00,M020,82.04,3.45,1.87,10.49,OK
2026-08-19 00:00:00,M020,76.52,3.55,1.94,9.68,OK
2026-08-19 04:00:00,M020,81.18,3.67,1.68,9.45,OK
2026-08-19 08:00:00,M020,82.27,3.51,1.49,8.33,OK
2026-08-19 12:00:00,M020,81.53,3.82,1.98,11.06,OK
2026-08-19 16:00:00,M020,70.04,3.94,1.34,9.58,OK
2026-08-19 20:00:00,M020,65.71,3.33,1.73,8.84,OK
2026-08-20 00:00:00,M020,78.15,3.62,1.25,11.44,OK
2026-08-20 04:00:00,M020,74.37,3.7,1.82,11.72,OK
2026-08-20 08:00:00,M020,67.09,3.34,1.41,12.13,OK
2026-08-20 12:00:00,M020,72.82,4.86,1.25,7.89,OK
2026-08-20 16:00:00,M020,72.91,3.77,1.38,10.34,OK
2026-08-20 20:00:00,M020,79.75,3.32,1.72,11.01,OK
2026-08-21 00:00:00,M020,77.41,4.07,2.03,8.54,OK
2026-08-21 04:00:00,M020,74.56,5.34,1.88,8.48,OK
2026-08-21 08:00:00,M020,79.36,3.62,2.23,11.52,OK
2026-08-21 12:00:00,M020,117.69,3.84,1.23,8.67,CRITICAL
2026-08-21 16:00:00,M020,76.56,3.67,2.14,9.13,OK
2026-08-21 20:00:00,M020,80.41,3.84,2.06,9.87,OK
2026-08-22 00:00:00,M020,76.67,3.45,1.19,10.39,OK
2026-08-22 04:00:00,M020,82.72,3.43,2.24,10.01,OK
2026-08-22 08:00:00,M020,71.11,3.54,1.59,13.5,OK
2026-08-22 12:00:00,M020,77.52,3.75,1.37,10.35,OK
2026-08-22 16:00:00,M020,85.8,3.45,1.35,9.76,OK
2026-08-22 20:00:00,M020,77.44,3.58,1.75,10.64,OK
2026-08-23 00:00:00,M020,68.37,3.99,1.16,8.96,OK
2026-08-23 04:00:00,M020,104.23,3.5,1.69,9.95,WARNING
2026-08-23 08:00:00,M020,67.1,3.83,1.77,7.56,OK
2026-08-23 12:00:00,M020,71.23,3.45,1.28,9.37,OK
2026-08-23 16:00:00,M020,77.49,3.77,1.3,10.13,OK
2026-08-23 20:00:00,M020,78.12,3.7,1.53,9.84,OK
2026-08-24 00:00:00,M020,78.0,3.59,2.08,7.94,OK
2026-08-24 04:00:00,M020,75.63,3.26,1.79,10.6,OK
2026-08-24 08:00:00,M020,77.17,3.92,1.53,11.54,OK
2026-08-24 12:00:00,M020,73.03,3.35,1.64,9.38,OK
2026-08-24 16:00:00,M020,79.26,3.92,1.94,11.6,OK
2026-08-24 20:00:00,M020,84.81,3.8,2.09,11.36,OK
2026-08-25 00:00:00,M020,79.96,3.61,2.25,10.77,OK
2026-08-25 04:00:00,M020,79.42,5.72,2.22,9.79,OK
2026-08-25 08:00:00,M020,71.82,3.42,1.47,9.43,OK
2026-08-25 12:00:00,M020,70.71,3.54,1.69,11.3,OK
2026-08-25 16:00:00,M020,67.95,3.84,1.11,10.86,OK
2026-08-25 20:00:00,M020,74.12,3.8,1.93,10.66,OK
2026-08-26 00:00:00,M020,77.18,3.68,1.85,12.08,OK
2026-08-26 04:00:00,M020,76.3,3.63,0.94,10.96,OK
2026-08-26 08:00:00,M020,81.11,3.61,1.71,11.76,OK
2026-08-26 12:00:00,M020,72.96,3.54,1.27,8.74,OK
2026-08-26 16:00:00,M020,78.13,3.26,1.46,9.98,OK
2026-08-26 20:00:00,M020,104.18,3.89,1.76,11.55,WARNING
2026-08-27 00:00:00,M020,73.24,3.25,1.41,11.33,OK
2026-08-27 04:00:00,M020,80.99,3.64,1.11,6.6,OK
2026-08-27 08:00:00,M020,79.82,3.42,1.66,13.18,OK
2026-08-27 12:00:00,M020,79.7,3.76,1.25,9.83,OK
2026-08-27 16:00:00,M020,79.45,3.61,2.15,10.55,OK
2026-08-27 20:00:00,M020,84.68,3.59,0.75,8.41,OK
2026-08-28 00:00:00,M020,76.76,3.8,1.55,10.96,OK
2026-08-28 04:00:00,M020,78.15,3.17,2.02,10.56,OK
2026-08-28 08:00:00,M020,73.83,3.79,1.27,13.39,OK
2026-08-28 12:00:00,M020,71.6,3.33,2.06,10.94,OK
2026-08-28 16:00:00,M020,71.02,3.8,1.2,9.75,OK
2026-08-28 20:00:00,M020,71.52,3.62,1.41,11.68,OK
2026-08-29 00:00:00,M020,84.27,3.59,1.49,11.36,OK
2026-08-29 04:00:00,M020,73.99,3.82,1.69,10.46,OK
2026-08-29 08:00:00,M020,72.44,3.8,1.76,10.09,OK
2026-08-29 12:00:00,M020,75.3,3.65,1.96,8.56,OK
2026-08-29 16:00:00,M020,88.32,3.5,1.16,10.56,OK
2026-08-29 20:00:00,M020,106.65,3.24,1.1,9.83,WARNING
2026-08-30 00:00:00,M020,72.73,3.68,1.43,11.57,OK
2026-08-30 04:00:00,M020,80.16,3.97,1.63,11.47,OK
2026-08-30 08:00:00,M020,70.93,3.52,0.89,9.31,OK
2026-08-30 12:00:00,M020,73.61,3.76,1.25,9.38,OK
2026-08-30 16:00:00,M020,68.13,3.92,2.39,8.29,OK
2026-08-30 20:00:00,M020,76.89,3.74,2.11,11.66,OK
2026-08-31 00:00:00,M020,83.14,3.65,2.28,7.06,OK
2026-08-31 04:00:00,M020,81.29,3.49,0.72,10.14,OK
2026-08-31 08:00:00,M020,84.2,3.61,2.42,9.54,OK
2026-08-31 12:00:00,M020,68.92,3.38,0.71,11.04,OK
2026-08-31 16:00:00,M020,83.15,3.7,1.43,10.5,OK
2026-08-31 20:00:00,M020,107.79,3.74,1.48,9.72,WARNING
2026-09-01 00:00:00,M020,80.7,3.63,1.79,10.63,OK
2026-09-01 04:00:00,M020,72.1,3.22,1.32,11.44,OK
2026-09-01 08:00:00,M020,71.77,3.82,1.89,10.19,OK
2026-09-01 12:00:00,M020,81.8,3.77,1.65,12.17,OK
2026-09-01 16:00:00,M020,78.15,3.92,1.26,14.29,OK
2026-09-01 20:00:00,M020,76.59,3.43,2.08,9.3,OK
2026-09-02 00:00:00,M020,111.47,3.12,1.98,7.95,WARNING
2026-09-02 04:00:00,M020,81.26,3.55,1.57,8.53,OK
2026-09-02 08:00:00,M020,76.88,3.94,1.13,11.19,OK
2026-09-02 12:00:00,M020,81.18,3.45,2.52,12.73,OK
2026-09-02 16:00:00,M020,70.02,3.82,1.28,11.9,OK
2026-09-02 20:00:00,M020,81.31,3.69,1.49,8.51,OK
2026-09-03 00:00:00,M020,75.88,3.7,6.45,11.11,WARNING
2026-09-03 04:00:00,M020,80.31,3.65,1.81,11.71,OK
2026-09-03 08:00:00,M020,72.23,3.09,1.61,10.57,OK
2026-09-03 12:00:00,M020,82.0,3.48,1.87,12.25,OK
2026-09-03 16:00:00,M020,74.61,3.97,1.9,12.45,OK
2026-09-03 20:00:00,M020,69.52,3.47,2.06,11.53,OK
2026-09-04 00:00:00,M020,78.67,3.73,1.12,10.2,OK
2026-09-04 04:00:00,M020,70.59,3.39,1.09,11.46,OK
2026-09-04 08:00:00,M020,77.0,3.73,1.0,10.57,OK
2026-09-04 12:00:00,M020,72.27,3.79,2.22,9.62,OK
2026-09-04 16:00:00,M020,74.78,3.37,1.81,9.03,OK
2026-09-04 20:00:00,M020,64.24,3.19,5.71,9.46,OK
2026-08-01 00:00:00,M021,80.59,4.91,1.63,9.08,OK
2026-08-01 04:00:00,M021,77.73,4.78,0.75,4.95,OK
2026-08-01 08:00:00,M021,87.55,4.66,1.67,8.92,OK
2026-08-01 12:00:00,M021,85.93,5.34,0.6,9.18,OK
2026-08-01 16:00:00,M021,79.18,4.77,1.92,8.31,OK
2026-08-01 20:00:00,M021,80.95,4.72,1.42,7.75,OK
2026-08-02 00:00:00,M021,81.66,4.81,1.28,9.4,OK
2026-08-02 04:00:00,M021,81.5,4.93,1.71,7.31,OK
2026-08-02 08:00:00,M021,81.94,4.47,1.13,9.15,OK
2026-08-02 12:00:00,M021,80.16,4.93,1.24,8.6,OK
2026-08-02 16:00:00,M021,85.53,4.61,1.37,10.59,OK
2026-08-02 20:00:00,M021,80.02,4.69,1.21,9.1,OK
2026-08-03 00:00:00,M021,79.87,4.97,0.55,11.12,OK
2026-08-03 04:00:00,M021,78.47,4.86,0.81,5.44,OK
2026-08-03 08:00:00,M021,82.92,5.13,1.03,8.91,OK
2026-08-03 12:00:00,M021,111.8,5.39,1.53,7.92,WARNING
2026-08-03 16:00:00,M021,79.47,5.19,1.76,8.39,OK
2026-08-03 20:00:00,M021,81.16,4.94,0.98,6.21,OK
2026-08-04 00:00:00,M021,75.71,5.02,1.24,9.45,OK
2026-08-04 04:00:00,M021,81.24,5.02,1.62,7.18,OK
2026-08-04 08:00:00,M021,74.68,5.33,1.23,8.37,OK
2026-08-04 12:00:00,M021,86.49,4.69,1.1,6.79,OK
2026-08-04 16:00:00,M021,89.3,5.43,1.25,7.6,OK
2026-08-04 20:00:00,M021,84.19,5.06,0.91,6.95,OK
2026-08-05 00:00:00,M021,80.01,4.49,0.46,9.3,OK
2026-08-05 04:00:00,M021,76.1,4.68,1.72,8.13,OK
2026-08-05 08:00:00,M021,84.67,4.92,1.86,9.4,OK
2026-08-05 12:00:00,M021,71.49,5.27,1.06,7.83,OK
2026-08-05 16:00:00,M021,89.77,5.13,1.1,6.41,OK
2026-08-05 20:00:00,M021,75.52,4.59,1.45,8.24,OK
2026-08-06 00:00:00,M021,73.56,4.9,1.64,7.98,OK
2026-08-06 04:00:00,M021,82.3,5.18,1.21,10.99,OK
2026-08-06 08:00:00,M021,123.64,4.77,0.89,9.16,CRITICAL
2026-08-06 12:00:00,M021,79.96,4.88,0.98,7.31,OK
2026-08-06 16:00:00,M021,85.39,4.92,0.88,10.35,OK
2026-08-06 20:00:00,M021,87.44,4.69,1.18,7.87,OK
2026-08-07 00:00:00,M021,83.95,4.93,1.69,7.05,OK
2026-08-07 04:00:00,M021,77.79,4.76,1.23,8.14,OK
2026-08-07 08:00:00,M021,75.21,5.1,1.6,8.41,OK
2026-08-07 12:00:00,M021,80.83,4.88,2.36,6.94,OK
2026-08-07 16:00:00,M021,77.03,4.59,0.95,7.14,OK
2026-08-07 20:00:00,M021,80.86,5.15,1.19,10.33,OK
2026-08-08 00:00:00,M021,80.8,4.87,1.35,9.32,OK
2026-08-08 04:00:00,M021,116.43,4.64,0.36,10.46,CRITICAL
2026-08-08 08:00:00,M021,68.15,4.8,1.29,8.96,OK
2026-08-08 12:00:00,M021,85.59,4.84,1.49,8.76,OK
2026-08-08 16:00:00,M021,76.56,4.15,1.21,8.14,OK
2026-08-08 20:00:00,M021,80.09,4.94,0.4,6.31,OK
2026-08-09 00:00:00,M021,74.0,4.92,1.16,7.67,OK
2026-08-09 04:00:00,M021,78.91,5.12,1.23,8.04,OK
2026-08-09 08:00:00,M021,76.71,4.82,1.74,5.01,OK
2026-08-09 12:00:00,M021,81.43,5.04,0.82,9.42,OK
2026-08-09 16:00:00,M021,113.68,5.5,1.55,9.39,WARNING
2026-08-09 20:00:00,M021,81.43,5.08,0.28,8.41,OK
2026-08-10 00:00:00,M021,71.62,4.65,0.99,9.3,OK
2026-08-10 04:00:00,M021,75.37,7.36,1.54,9.36,CRITICAL
2026-08-10 08:00:00,M021,87.1,4.93,1.01,10.77,OK
2026-08-10 12:00:00,M021,77.01,5.03,2.04,6.76,OK
2026-08-10 16:00:00,M021,79.76,5.52,1.27,8.89,OK
2026-08-10 20:00:00,M021,76.16,5.23,1.38,7.52,OK
2026-08-11 00:00:00,M021,82.57,4.72,0.9,8.36,OK
2026-08-11 04:00:00,M021,78.55,5.1,1.01,5.45,OK
2026-08-11 08:00:00,M021,74.48,5.41,1.64,8.34,OK
2026-08-11 12:00:00,M021,85.82,5.13,0.52,8.69,OK
2026-08-11 16:00:00,M021,90.61,4.82,1.22,8.01,OK
2026-08-11 20:00:00,M021,90.47,5.31,1.63,5.53,OK
2026-08-12 00:00:00,M021,83.43,4.84,1.85,9.32,OK
2026-08-12 04:00:00,M021,89.53,5.05,1.69,8.46,OK
2026-08-12 08:00:00,M021,76.82,4.8,1.32,6.48,OK
2026-08-12 12:00:00,M021,70.07,5.13,1.84,8.94,OK
2026-08-12 16:00:00,M021,83.28,5.07,1.97,9.33,OK
2026-08-12 20:00:00,M021,86.99,4.89,1.32,8.54,OK
2026-08-13 00:00:00,M021,89.32,4.96,1.87,8.65,OK
2026-08-13 04:00:00,M021,77.39,4.61,1.82,10.22,OK
2026-08-13 08:00:00,M021,79.15,4.66,5.21,9.02,OK
2026-08-13 12:00:00,M021,78.7,5.14,1.39,8.9,OK
2026-08-13 16:00:00,M021,111.28,5.25,1.48,7.33,WARNING
2026-08-13 20:00:00,M021,84.48,4.74,1.17,9.59,OK
2026-08-14 00:00:00,M021,73.86,4.99,1.11,6.98,OK
2026-08-14 04:00:00,M021,77.63,4.92,2.29,6.34,OK
2026-08-14 08:00:00,M021,70.57,5.11,0.73,9.41,OK
2026-08-14 12:00:00,M021,80.79,4.4,0.83,8.63,OK
2026-08-14 16:00:00,M021,84.78,5.17,1.14,8.94,OK
2026-08-14 20:00:00,M021,81.23,4.9,1.42,7.5,OK
2026-08-15 00:00:00,M021,80.48,5.04,1.57,10.2,OK
2026-08-15 04:00:00,M021,79.06,5.05,0.88,8.2,OK
2026-08-15 08:00:00,M021,78.96,4.36,1.29,10.39,OK
2026-08-15 12:00:00,M021,85.27,5.35,1.49,6.87,OK
2026-08-15 16:00:00,M021,81.36,4.98,0.69,9.61,OK
2026-08-15 20:00:00,M021,118.38,5.11,1.01,8.9,CRITICAL
2026-08-16 00:00:00,M021,80.57,5.0,1.4,8.16,OK
2026-08-16 04:00:00,M021,87.5,4.75,1.63,10.55,OK
2026-08-16 08:00:00,M021,80.56,5.0,1.29,7.91,OK
2026-08-16 12:00:00,M021,84.81,5.13,1.87,10.73,OK
2026-08-16 16:00:00,M021,75.97,4.97,0.84,6.51,OK
2026-08-16 20:00:00,M021,85.15,5.07,1.77,11.02,OK
2026-08-17 00:00:00,M021,80.97,5.31,0.95,10.15,OK
2026-08-17 04:00:00,M021,74.04,4.85,1.83,7.57,OK
2026-08-17 08:00:00,M021,81.93,5.09,1.38,8.6,OK
2026-08-17 12:00:00,M021,72.91,4.64,1.82,7.9,OK
2026-08-17 16:00:00,M021,81.92,4.89,1.31,7.87,OK
2026-08-17 20:00:00,M021,80.22,5.26,1.26,7.97,OK
2026-08-18 00:00:00,M021,120.25,5.29,1.43,9.91,CRITICAL
2026-08-18 04:00:00,M021,85.49,4.68,1.34,9.56,OK
2026-08-18 08:00:00,M021,88.36,4.76,0.71,8.08,OK
2026-08-18 12:00:00,M021,72.06,5.1,0.73,9.07,OK
2026-08-18 16:00:00,M021,81.69,4.73,1.31,8.9,OK
2026-08-18 20:00:00,M021,75.41,5.04,1.57,8.2,OK
2026-08-19 00:00:00,M021,83.13,5.18,1.17,8.21,OK
2026-08-19 04:00:00,M021,79.67,5.7,1.13,10.07,OK
2026-08-19 08:00:00,M021,72.66,5.03,1.02,7.89,OK
2026-08-19 12:00:00,M021,82.61,4.9,5.89,9.33,OK
2026-08-19 16:00:00,M021,92.89,4.82,1.41,6.93,OK
2026-08-19 20:00:00,M021,77.2,4.86,0.73,9.05,OK
2026-08-20 00:00:00,M021,80.05,4.46,1.11,8.07,OK
2026-08-20 04:00:00,M021,91.53,5.0,0.97,8.49,OK
2026-08-20 08:00:00,M021,72.77,5.19,1.7,10.21,OK
2026-08-20 12:00:00,M021,80.41,5.02,1.06,8.83,OK
2026-08-20 16:00:00,M021,79.49,4.95,0.72,9.04,OK
2026-08-20 20:00:00,M021,82.81,4.37,1.56,8.2,OK
2026-08-21 00:00:00,M021,78.49,4.97,1.54,8.78,OK
2026-08-21 04:00:00,M021,111.87,5.03,1.41,8.2,WARNING
2026-08-21 08:00:00,M021,86.81,4.92,1.4,10.04,OK
2026-08-21 12:00:00,M021,77.22,4.57,1.97,6.31,OK
2026-08-21 16:00:00,M021,83.48,4.85,5.24,7.56,OK
2026-08-21 20:00:00,M021,68.26,5.01,1.49,7.46,OK
2026-08-22 00:00:00,M021,82.39,4.64,1.35,8.73,OK
2026-08-22 04:00:00,M021,85.25,5.05,1.47,10.39,OK
2026-08-22 08:00:00,M021,81.54,4.56,1.19,8.97,OK
2026-08-22 12:00:00,M021,81.16,4.9,1.32,8.58,OK
2026-08-22 16:00:00,M021,91.38,4.92,1.15,7.25,OK
2026-08-22 20:00:00,M021,84.04,4.75,1.05,10.76,OK
2026-08-23 00:00:00,M021,77.0,4.62,1.03,8.92,OK
2026-08-23 04:00:00,M021,84.16,6.36,1.96,7.89,WARNING
2026-08-23 08:00:00,M021,81.76,5.5,1.52,7.77,OK
2026-08-23 12:00:00,M021,74.58,4.92,1.29,9.86,OK
2026-08-23 16:00:00,M021,65.94,4.93,1.4,8.4,OK
2026-08-23 20:00:00,M021,77.65,4.55,1.29,7.18,OK
2026-08-24 00:00:00,M021,86.37,5.16,1.33,9.63,OK
2026-08-24 04:00:00,M021,84.02,4.6,1.58,6.35,OK
2026-08-24 08:00:00,M021,82.43,5.53,1.27,9.34,OK
2026-08-24 12:00:00,M021,86.16,4.66,0.33,8.92,OK
2026-08-24 16:00:00,M021,75.47,5.59,1.3,8.16,OK
2026-08-24 20:00:00,M021,74.0,5.05,1.19,7.31,OK
2026-08-25 00:00:00,M021,79.21,4.8,1.25,8.21,OK
2026-08-25 04:00:00,M021,79.58,4.65,1.37,7.55,OK
2026-08-25 08:00:00,M021,80.9,4.89,1.26,7.8,OK
2026-08-25 12:00:00,M021,86.66,5.16,1.55,5.11,OK
2026-08-25 16:00:00,M021,81.69,5.14,1.37,9.86,OK
2026-08-25 20:00:00,M021,78.67,4.65,1.31,9.12,OK
2026-08-26 00:00:00,M021,79.8,4.77,1.41,6.44,OK
2026-08-26 04:00:00,M021,81.45,5.01,1.51,7.25,OK
2026-08-26 08:00:00,M021,77.99,4.56,1.69,9.21,OK
2026-08-26 12:00:00,M021,72.44,5.11,1.63,8.02,OK
2026-08-26 16:00:00,M021,73.92,5.04,0.84,9.23,OK
2026-08-26 20:00:00,M021,119.89,4.95,0.95,8.66,CRITICAL
2026-08-27 00:00:00,M021,73.93,4.54,1.44,9.37,OK
2026-08-27 04:00:00,M021,84.25,5.14,0.4,9.65,OK
2026-08-27 08:00:00,M021,80.82,4.79,0.93,7.56,OK
2026-08-27 12:00:00,M021,91.93,5.01,1.55,7.14,OK
2026-08-27 16:00:00,M021,77.48,4.8,1.48,8.94,OK
2026-08-27 20:00:00,M021,77.71,4.75,1.49,5.33,OK
2026-08-28 00:00:00,M021,84.78,5.06,0.73,9.04,OK
2026-08-28 04:00:00,M021,80.79,5.16,1.09,8.36,OK
2026-08-28 08:00:00,M021,81.19,4.83,1.3,7.45,OK
2026-08-28 12:00:00,M021,71.7,5.06,1.65,6.96,OK
2026-08-28 16:00:00,M021,88.92,4.69,0.73,9.34,OK
2026-08-28 20:00:00,M021,84.28,4.74,1.56,8.37,OK
2026-08-29 00:00:00,M021,81.35,4.89,0.85,10.72,OK
2026-08-29 04:00:00,M021,90.92,5.23,1.19,8.31,OK
2026-08-29 08:00:00,M021,86.91,5.09,1.45,7.22,OK
2026-08-29 12:00:00,M021,76.84,5.05,1.84,8.87,OK
2026-08-29 16:00:00,M021,80.13,5.05,1.91,9.22,OK
2026-08-29 20:00:00,M021,78.66,5.28,2.05,7.71,OK
2026-08-30 00:00:00,M021,88.34,4.66,1.61,10.08,OK
2026-08-30 04:00:00,M021,89.91,4.86,1.69,8.22,OK
2026-08-30 08:00:00,M021,79.94,4.75,1.56,9.3,OK
2026-08-30 12:00:00,M021,81.93,5.26,1.86,7.7,OK
2026-08-30 16:00:00,M021,73.85,4.65,1.44,8.11,OK
2026-08-30 20:00:00,M021,76.21,5.17,2.03,10.65,OK
2026-08-31 00:00:00,M021,84.44,4.86,1.47,10.73,OK
2026-08-31 04:00:00,M021,82.9,5.0,0.92,9.38,OK
2026-08-31 08:00:00,M021,71.16,5.04,1.61,8.13,OK
2026-08-31 12:00:00,M021,85.75,5.27,0.8,7.8,OK
2026-08-31 16:00:00,M021,70.66,4.9,1.2,7.51,OK
2026-08-31 20:00:00,M021,77.45,4.76,1.33,7.87,OK
2026-09-01 00:00:00,M021,110.42,4.91,1.94,9.43,WARNING
2026-09-01 04:00:00,M021,82.83,5.24,0.77,7.45,OK
2026-09-01 08:00:00,M021,71.62,4.91,1.28,8.7,OK
2026-09-01 12:00:00,M021,88.33,5.3,1.41,6.47,OK
2026-09-01 16:00:00,M021,71.81,4.73,1.75,10.22,OK
2026-09-01 20:00:00,M021,85.48,4.96,1.5,6.95,OK
2026-09-02 00:00:00,M021,78.47,5.01,0.93,7.81,OK
2026-09-02 04:00:00,M021,74.91,4.54,0.92,7.14,OK
2026-09-02 08:00:00,M021,89.21,5.24,0.66,7.18,OK
2026-09-02 12:00:00,M021,80.74,4.41,0.74,8.73,OK
2026-09-02 16:00:00,M021,85.77,4.61,1.3,6.83,OK
2026-09-02 20:00:00,M021,112.13,5.07,6.82,7.58,WARNING
2026-09-03 00:00:00,M021,85.66,4.65,0.63,7.78,OK
2026-09-03 04:00:00,M021,75.03,4.67,1.11,7.73,OK
2026-09-03 08:00:00,M021,86.14,5.03,0.77,4.52,OK
2026-09-03 12:00:00,M021,72.36,5.08,1.56,10.09,OK
2026-09-03 16:00:00,M021,82.94,4.84,1.64,6.82,OK
2026-09-03 20:00:00,M021,78.27,5.16,1.23,9.6,OK
2026-09-04 00:00:00,M021,74.74,4.88,1.84,7.19,OK
2026-09-04 04:00:00,M021,88.48,5.3,1.72,8.4,OK
2026-09-04 08:00:00,M021,87.86,4.69,1.23,6.26,OK
2026-09-04 12:00:00,M021,79.83,6.46,1.33,9.95,WARNING
2026-09-04 16:00:00,M021,80.51,4.74,1.49,9.04,OK
2026-09-04 20:00:00,M021,84.44,5.17,1.79,8.86,OK
2026-08-01 00:00:00,M022,76.44,3.66,1.76,8.41,OK
2026-08-01 04:00:00,M022,88.85,3.64,1.45,8.51,OK
2026-08-01 08:00:00,M022,89.43,3.78,1.17,9.03,OK
2026-08-01 12:00:00,M022,82.43,4.25,1.61,10.08,OK
2026-08-01 16:00:00,M022,88.61,4.56,0.85,10.0,OK
2026-08-01 20:00:00,M022,85.23,3.79,1.46,10.41,OK
2026-08-02 00:00:00,M022,82.61,3.81,1.66,8.15,OK
2026-08-02 04:00:00,M022,83.11,3.69,1.29,8.6,OK
2026-08-02 08:00:00,M022,74.31,4.15,1.51,8.54,OK
2026-08-02 12:00:00,M022,114.23,4.43,1.54,9.65,WARNING
2026-08-02 16:00:00,M022,83.3,4.5,1.23,10.54,OK
2026-08-02 20:00:00,M022,81.87,3.46,1.59,9.93,OK
2026-08-03 00:00:00,M022,78.99,4.32,1.05,9.28,OK
2026-08-03 04:00:00,M022,81.61,3.98,1.38,8.72,OK
2026-08-03 08:00:00,M022,79.3,3.99,1.3,10.64,OK
2026-08-03 12:00:00,M022,76.9,3.94,0.82,8.97,OK
2026-08-03 16:00:00,M022,78.12,5.32,1.35,9.7,OK
2026-08-03 20:00:00,M022,80.76,4.24,1.09,9.16,OK
2026-08-04 00:00:00,M022,81.27,4.3,0.54,9.54,OK
2026-08-04 04:00:00,M022,88.12,3.97,1.85,10.95,OK
2026-08-04 08:00:00,M022,86.17,3.66,1.54,9.11,OK
2026-08-04 12:00:00,M022,89.6,3.86,1.91,9.57,OK
2026-08-04 16:00:00,M022,86.35,3.9,1.79,11.13,OK
2026-08-04 20:00:00,M022,94.11,3.84,0.92,12.1,OK
2026-08-05 00:00:00,M022,84.04,3.96,1.11,8.83,OK
2026-08-05 04:00:00,M022,80.5,3.9,1.76,11.43,OK
2026-08-05 08:00:00,M022,75.2,3.5,1.98,11.16,OK
2026-08-05 12:00:00,M022,87.13,3.95,0.83,9.66,OK
2026-08-05 16:00:00,M022,85.0,3.79,0.5,10.61,OK
2026-08-05 20:00:00,M022,85.51,4.07,2.14,9.91,OK
2026-08-06 00:00:00,M022,81.17,3.69,1.94,10.05,OK
2026-08-06 04:00:00,M022,75.5,3.76,2.51,9.02,OK
2026-08-06 08:00:00,M022,84.65,4.47,1.63,12.25,OK
2026-08-06 12:00:00,M022,81.68,4.11,1.4,9.31,OK
2026-08-06 16:00:00,M022,74.28,3.75,1.74,10.6,OK
2026-08-06 20:00:00,M022,88.11,3.6,1.24,9.32,OK
2026-08-07 00:00:00,M022,83.24,4.21,1.28,8.61,OK
2026-08-07 04:00:00,M022,82.21,3.67,2.02,10.9,OK
2026-08-07 08:00:00,M022,86.41,3.73,1.8,10.85,OK
2026-08-07 12:00:00,M022,78.31,3.79,1.71,9.22,OK
2026-08-07 16:00:00,M022,93.63,3.79,1.08,8.86,OK
2026-08-07 20:00:00,M022,88.31,3.62,1.07,8.58,OK
2026-08-08 00:00:00,M022,86.52,3.99,1.94,9.71,OK
2026-08-08 04:00:00,M022,71.76,4.11,1.86,9.5,OK
2026-08-08 08:00:00,M022,85.78,4.03,1.45,8.85,OK
2026-08-08 12:00:00,M022,81.2,4.38,1.43,6.47,OK
2026-08-08 16:00:00,M022,76.2,4.06,1.33,8.84,OK
2026-08-08 20:00:00,M022,82.2,3.95,1.59,9.67,OK
2026-08-09 00:00:00,M022,95.55,3.94,1.45,7.9,OK
2026-08-09 04:00:00,M022,86.56,4.03,1.77,8.21,OK
2026-08-09 08:00:00,M022,81.51,3.71,0.96,9.8,OK
2026-08-09 12:00:00,M022,79.72,4.08,1.47,8.97,OK
2026-08-09 16:00:00,M022,83.56,3.71,1.5,5.63,OK
2026-08-09 20:00:00,M022,77.5,4.44,1.91,8.78,OK
2026-08-10 00:00:00,M022,76.47,4.12,1.86,9.33,OK
2026-08-10 04:00:00,M022,83.79,3.72,1.53,9.17,OK
2026-08-10 08:00:00,M022,92.11,4.21,1.8,11.53,OK
2026-08-10 12:00:00,M022,78.02,3.85,1.57,9.06,OK
2026-08-10 16:00:00,M022,89.21,3.93,1.79,9.47,OK
2026-08-10 20:00:00,M022,83.46,4.2,1.25,10.09,OK
2026-08-11 00:00:00,M022,85.7,3.75,0.86,9.98,OK
2026-08-11 04:00:00,M022,82.31,5.7,1.31,9.1,OK
2026-08-11 08:00:00,M022,87.03,4.09,1.76,6.6,OK
2026-08-11 12:00:00,M022,83.1,3.72,1.28,8.41,OK
2026-08-11 16:00:00,M022,79.07,3.79,1.15,8.19,OK
2026-08-11 20:00:00,M022,79.73,4.22,2.0,9.75,OK
2026-08-12 00:00:00,M022,84.27,4.01,2.02,8.21,OK
2026-08-12 04:00:00,M022,78.11,3.83,1.35,11.15,OK
2026-08-12 08:00:00,M022,119.6,4.02,1.68,9.91,CRITICAL
2026-08-12 12:00:00,M022,83.78,3.96,1.52,10.44,OK
2026-08-12 16:00:00,M022,75.9,4.32,1.47,9.05,OK
2026-08-12 20:00:00,M022,89.26,4.11,1.76,8.6,OK
2026-08-13 00:00:00,M022,87.32,4.08,1.14,10.21,OK
2026-08-13 04:00:00,M022,77.46,3.71,2.07,11.05,OK
2026-08-13 08:00:00,M022,82.54,3.87,1.8,11.05,OK
2026-08-13 12:00:00,M022,79.47,3.87,2.1,7.97,OK
2026-08-13 16:00:00,M022,110.91,3.78,1.23,9.5,WARNING
2026-08-13 20:00:00,M022,76.96,3.63,2.12,9.9,OK
2026-08-14 00:00:00,M022,89.2,4.05,2.1,9.37,OK
2026-08-14 04:00:00,M022,83.53,3.49,1.4,9.08,OK
2026-08-14 08:00:00,M022,78.89,4.42,1.68,8.45,OK
2026-08-14 12:00:00,M022,113.5,4.51,1.7,7.92,WARNING
2026-08-14 16:00:00,M022,77.35,3.97,1.12,8.99,OK
2026-08-14 20:00:00,M022,87.42,3.73,1.19,7.91,OK
2026-08-15 00:00:00,M022,79.29,4.11,1.49,7.75,OK
2026-08-15 04:00:00,M022,93.35,3.8,5.0,9.58,OK
2026-08-15 08:00:00,M022,84.35,4.7,1.95,9.47,OK
2026-08-15 12:00:00,M022,86.13,3.85,0.9,11.0,OK
2026-08-15 16:00:00,M022,88.45,4.18,1.17,10.59,OK
2026-08-15 20:00:00,M022,62.03,3.76,1.66,9.17,OK
2026-08-16 00:00:00,M022,81.17,3.41,0.83,7.8,OK
2026-08-16 04:00:00,M022,80.08,3.76,1.82,9.52,OK
2026-08-16 08:00:00,M022,80.9,3.88,1.99,8.94,OK
2026-08-16 12:00:00,M022,75.36,3.94,1.6,10.74,OK
2026-08-16 16:00:00,M022,82.05,3.71,0.59,8.16,OK
2026-08-16 20:00:00,M022,87.53,3.84,0.81,9.9,OK
2026-08-17 00:00:00,M022,85.57,3.98,1.51,10.43,OK
2026-08-17 04:00:00,M022,77.43,3.94,1.49,9.33,OK
2026-08-17 08:00:00,M022,82.83,3.98,2.0,8.71,OK
2026-08-17 12:00:00,M022,85.76,4.16,1.16,7.72,OK
2026-08-17 16:00:00,M022,73.65,3.99,1.22,7.34,OK
2026-08-17 20:00:00,M022,83.76,4.1,,8.7,OK
2026-08-18 00:00:00,M022,75.88,3.64,0.97,10.68,OK
2026-08-18 04:00:00,M022,84.05,3.83,1.92,9.55,OK
2026-08-18 08:00:00,M022,89.32,4.31,1.88,9.24,OK
2026-08-18 12:00:00,M022,83.09,4.3,2.0,8.83,OK
2026-08-18 16:00:00,M022,84.48,3.86,1.28,8.51,OK
2026-08-18 20:00:00,M022,79.21,3.51,1.52,9.24,OK
2026-08-19 00:00:00,M022,89.72,3.86,1.69,9.1,OK
2026-08-19 04:00:00,M022,79.16,3.97,1.95,8.45,OK
2026-08-19 08:00:00,M022,78.07,3.98,1.51,9.97,OK
2026-08-19 12:00:00,M022,82.09,3.9,1.17,9.81,OK
2026-08-19 16:00:00,M022,83.15,4.25,0.92,6.54,OK
2026-08-19 20:00:00,M022,92.05,4.09,1.72,9.07,OK
2026-08-20 00:00:00,M022,84.26,3.94,1.46,11.17,OK
2026-08-20 04:00:00,M022,85.76,3.92,1.43,8.13,OK
2026-08-20 08:00:00,M022,105.46,4.2,2.07,8.04,WARNING
2026-08-20 12:00:00,M022,81.38,3.98,1.36,11.32,OK
2026-08-20 16:00:00,M022,85.51,3.88,2.0,6.91,OK
2026-08-20 20:00:00,M022,78.63,3.84,1.13,10.18,OK
2026-08-21 00:00:00,M022,76.39,3.97,1.99,10.58,OK
2026-08-21 04:00:00,M022,81.19,4.1,1.97,8.46,OK
2026-08-21 08:00:00,M022,82.78,3.91,5.05,9.66,OK
2026-08-21 12:00:00,M022,85.77,4.0,1.58,9.19,OK
2026-08-21 16:00:00,M022,85.7,4.02,2.19,8.54,OK
2026-08-21 20:00:00,M022,129.47,3.99,1.36,10.6,CRITICAL
2026-08-22 00:00:00,M022,89.67,4.39,2.2,9.84,OK
2026-08-22 04:00:00,M022,95.05,4.25,1.57,10.61,OK
2026-08-22 08:00:00,M022,83.73,3.9,1.66,9.43,OK
2026-08-22 12:00:00,M022,87.66,3.85,1.66,10.64,OK
2026-08-22 16:00:00,M022,87.78,3.58,1.07,9.08,OK
2026-08-22 20:00:00,M022,83.75,3.94,1.88,10.1,OK
2026-08-23 00:00:00,M022,83.17,4.58,0.87,8.3,OK
2026-08-23 04:00:00,M022,80.45,4.18,1.6,10.54,OK
2026-08-23 08:00:00,M022,76.87,4.02,1.42,9.38,OK
2026-08-23 12:00:00,M022,87.07,3.59,1.44,11.58,OK
2026-08-23 16:00:00,M022,114.95,4.52,1.42,10.7,WARNING
2026-08-23 20:00:00,M022,94.9,4.02,1.87,7.71,OK
2026-08-24 00:00:00,M022,83.0,3.73,1.78,9.89,OK
2026-08-24 04:00:00,M022,88.34,3.81,1.7,7.05,OK
2026-08-24 08:00:00,M022,86.38,3.75,1.01,9.1,OK
2026-08-24 12:00:00,M022,83.86,3.97,1.75,7.83,OK
2026-08-24 16:00:00,M022,76.76,3.43,1.81,8.79,OK
2026-08-24 20:00:00,M022,80.36,3.93,1.68,9.08,OK
2026-08-25 00:00:00,M022,77.63,3.95,5.67,9.43,OK
2026-08-25 04:00:00,M022,82.49,3.95,1.51,9.8,OK
2026-08-25 08:00:00,M022,88.47,3.47,1.51,7.59,OK
2026-08-25 12:00:00,M022,88.03,3.32,1.44,10.24,OK
2026-08-25 16:00:00,M022,88.74,4.24,1.96,12.49,OK
2026-08-25 20:00:00,M022,73.44,3.93,0.65,8.79,OK
2026-08-26 00:00:00,M022,74.39,4.17,1.21,8.89,OK
2026-08-26 04:00:00,M022,80.25,3.47,2.45,11.79,OK
2026-08-26 08:00:00,M022,85.32,3.73,1.05,11.16,OK
2026-08-26 12:00:00,M022,80.45,3.46,0.99,8.79,OK
2026-08-26 16:00:00,M022,82.13,3.84,1.95,10.59,OK
2026-08-26 20:00:00,M022,77.51,4.5,1.23,9.77,OK
2026-08-27 00:00:00,M022,91.71,4.4,1.67,9.55,OK
2026-08-27 04:00:00,M022,83.77,4.2,1.08,11.25,OK
2026-08-27 08:00:00,M022,85.45,3.52,1.26,6.81,OK
2026-08-27 12:00:00,M022,79.38,3.81,1.97,11.89,OK
2026-08-27 16:00:00,M022,74.63,3.75,0.24,9.8,OK
2026-08-27 20:00:00,M022,91.28,3.76,1.05,10.96,OK
2026-08-28 00:00:00,M022,86.7,4.25,1.88,8.74,OK
2026-08-28 04:00:00,M022,77.89,4.13,1.9,8.82,OK
2026-08-28 08:00:00,M022,84.1,3.72,1.11,10.07,OK
2026-08-28 12:00:00,M022,89.17,3.84,2.27,9.25,OK
2026-08-28 16:00:00,M022,100.7,3.87,1.96,9.52,WARNING
2026-08-28 20:00:00,M022,85.02,3.89,1.81,9.59,OK
2026-08-29 00:00:00,M022,82.2,3.8,1.23,11.17,OK
2026-08-29 04:00:00,M022,77.05,4.18,1.89,8.6,OK
2026-08-29 08:00:00,M022,93.18,3.87,1.32,9.2,OK
2026-08-29 12:00:00,M022,85.96,3.95,1.42,8.33,OK
2026-08-29 16:00:00,M022,84.94,4.05,1.98,10.1,OK
2026-08-29 20:00:00,M022,81.83,5.25,0.94,11.92,OK
2026-08-30 00:00:00,M022,93.5,4.08,0.51,8.91,OK
2026-08-30 04:00:00,M022,70.08,4.32,1.65,6.73,OK
2026-08-30 08:00:00,M022,79.18,3.8,1.32,9.84,OK
2026-08-30 12:00:00,M022,85.76,3.99,1.29,11.12,OK
2026-08-30 16:00:00,M022,87.18,4.27,1.12,8.16,OK
2026-08-30 20:00:00,M022,79.22,4.06,2.07,8.56,OK
2026-08-31 00:00:00,M022,120.42,4.04,0.97,8.49,CRITICAL
2026-08-31 04:00:00,M022,76.86,3.78,1.76,9.32,OK
2026-08-31 08:00:00,M022,87.29,3.95,0.92,9.29,OK
2026-08-31 12:00:00,M022,76.07,3.73,1.04,9.11,OK
2026-08-31 16:00:00,M022,81.09,3.95,1.0,8.42,OK
2026-08-31 20:00:00,M022,85.03,3.78,1.55,9.31,OK
2026-09-01 00:00:00,M022,89.06,3.4,0.92,8.42,OK
2026-09-01 04:00:00,M022,88.19,3.93,1.36,8.96,OK
2026-09-01 08:00:00,M022,77.26,4.36,1.18,8.51,OK
2026-09-01 12:00:00,M022,81.59,4.25,1.2,9.33,OK
2026-09-01 16:00:00,M022,88.44,4.08,1.81,7.83,OK
2026-09-01 20:00:00,M022,87.37,3.95,1.56,9.48,OK
2026-09-02 00:00:00,M022,87.65,3.62,1.53,8.42,OK
2026-09-02 04:00:00,M022,82.47,3.59,1.34,7.68,OK
2026-09-02 08:00:00,M022,89.46,3.96,1.81,11.07,OK
2026-09-02 12:00:00,M022,78.43,4.03,1.42,7.72,OK
2026-09-02 16:00:00,M022,90.73,3.85,1.13,7.39,OK
2026-09-02 20:00:00,M022,79.36,4.23,1.38,9.21,OK
2026-09-03 00:00:00,M022,76.24,3.97,1.83,9.31,OK
2026-09-03 04:00:00,M022,80.63,3.94,1.59,8.85,OK
2026-09-03 08:00:00,M022,81.96,4.22,1.1,11.45,OK
2026-09-03 12:00:00,M022,88.9,4.29,0.97,10.82,OK
2026-09-03 16:00:00,M022,90.0,4.01,1.82,10.9,OK
2026-09-03 20:00:00,M022,81.82,4.43,1.75,8.16,OK
2026-09-04 00:00:00,M022,85.77,4.06,0.65,10.74,OK
2026-09-04 04:00:00,M022,87.5,3.99,1.87,9.43,OK
2026-09-04 08:00:00,M022,86.32,3.62,1.22,10.13,OK
2026-09-04 12:00:00,M022,84.2,4.06,0.95,10.75,OK
2026-09-04 16:00:00,M022,90.23,4.07,1.09,8.78,OK
2026-09-04 20:00:00,M022,87.34,3.1,1.95,8.39,OK
2026-08-01 00:00:00,M023,78.65,5.27,3.14,5.54,OK
2026-08-01 04:00:00,M023,73.49,6.28,2.69,3.53,WARNING
2026-08-01 08:00:00,M023,77.35,5.47,6.65,5.75,WARNING
2026-08-01 12:00:00,M023,73.79,4.52,2.38,4.64,OK
2026-08-01 16:00:00,M023,78.11,6.16,2.33,5.97,OK
2026-08-01 20:00:00,M023,75.66,4.14,2.87,6.15,OK
2026-08-02 00:00:00,M023,70.62,5.46,2.04,3.13,OK
2026-08-02 04:00:00,M023,66.98,5.05,2.16,4.54,OK
2026-08-02 08:00:00,M023,73.01,5.14,2.29,2.74,OK
2026-08-02 12:00:00,M023,73.84,5.11,2.88,7.08,OK
2026-08-02 16:00:00,M023,72.47,4.52,2.98,4.95,OK
2026-08-02 20:00:00,M023,73.33,5.04,2.23,6.66,OK
2026-08-03 00:00:00,M023,74.75,5.13,2.87,4.28,OK
2026-08-03 04:00:00,M023,74.08,4.76,3.19,4.66,OK
2026-08-03 08:00:00,M023,69.03,4.82,2.26,6.21,OK
2026-08-03 12:00:00,M023,72.72,5.07,2.86,3.68,OK
2026-08-03 16:00:00,M023,83.06,4.26,2.25,5.73,OK
2026-08-03 20:00:00,M023,71.11,4.66,2.04,4.52,OK
2026-08-04 00:00:00,M023,70.5,4.66,2.23,4.74,OK
2026-08-04 04:00:00,M023,67.88,5.19,2.79,5.63,OK
2026-08-04 08:00:00,M023,74.38,4.92,2.7,5.47,OK
2026-08-04 12:00:00,M023,70.39,4.82,2.92,4.86,OK
2026-08-04 16:00:00,M023,80.3,5.1,2.51,5.32,OK
2026-08-04 20:00:00,M023,76.07,4.52,2.21,4.94,OK
2026-08-05 00:00:00,M023,69.73,5.0,1.81,5.02,OK
2026-08-05 04:00:00,M023,72.11,5.01,2.7,4.69,OK
2026-08-05 08:00:00,M023,72.17,5.04,2.3,7.34,OK
2026-08-05 12:00:00,M023,104.59,4.99,2.71,5.17,WARNING
2026-08-05 16:00:00,M023,114.02,4.76,2.21,5.41,WARNING
2026-08-05 20:00:00,M023,82.98,5.07,2.18,6.81,OK
2026-08-06 00:00:00,M023,76.47,4.92,2.62,5.14,OK
2026-08-06 04:00:00,M023,67.81,5.3,2.75,4.89,OK
2026-08-06 08:00:00,M023,79.46,4.85,2.74,5.83,OK
2026-08-06 12:00:00,M023,79.31,5.31,2.41,3.84,OK
2026-08-06 16:00:00,M023,82.72,4.99,2.15,3.84,OK
2026-08-06 20:00:00,M023,70.86,4.89,2.86,4.76,OK
2026-08-07 00:00:00,M023,73.41,4.98,3.13,8.83,OK
2026-08-07 04:00:00,M023,75.6,4.93,2.87,4.94,OK
2026-08-07 08:00:00,M023,111.48,5.3,3.02,6.29,WARNING
2026-08-07 12:00:00,M023,82.65,5.05,2.6,5.84,OK
2026-08-07 16:00:00,M023,76.84,4.68,2.47,3.94,OK
2026-08-07 20:00:00,M023,118.57,4.73,2.64,3.7,CRITICAL
2026-08-08 00:00:00,M023,77.94,4.97,2.41,4.77,OK
2026-08-08 04:00:00,M023,81.33,4.64,2.54,3.52,OK
2026-08-08 08:00:00,M023,64.18,5.34,2.49,4.09,OK
2026-08-08 12:00:00,M023,72.06,4.99,2.89,3.83,OK
2026-08-08 16:00:00,M023,73.35,4.79,2.35,4.82,OK
2026-08-08 20:00:00,M023,72.88,5.15,2.32,4.75,OK
2026-08-09 00:00:00,M023,77.14,4.59,2.39,6.57,OK
2026-08-09 04:00:00,M023,71.9,4.49,2.41,6.18,OK
2026-08-09 08:00:00,M023,69.42,4.78,1.75,4.78,OK
2026-08-09 12:00:00,M023,102.77,4.77,2.29,6.26,WARNING
2026-08-09 16:00:00,M023,75.95,4.83,2.38,7.29,OK
2026-08-09 20:00:00,M023,73.08,4.78,1.91,5.55,OK
2026-08-10 00:00:00,M023,78.12,4.88,3.12,5.81,OK
2026-08-10 04:00:00,M023,73.74,5.31,3.06,5.72,OK
2026-08-10 08:00:00,M023,76.73,5.05,1.87,5.31,OK
2026-08-10 12:00:00,M023,66.17,4.65,2.37,7.09,OK
2026-08-10 16:00:00,M023,,4.68,2.44,4.06,OK
2026-08-10 20:00:00,M023,70.28,4.53,1.86,5.31,OK
2026-08-11 00:00:00,M023,79.59,4.82,2.92,4.27,OK
2026-08-11 04:00:00,M023,67.56,5.02,2.41,5.58,OK
2026-08-11 08:00:00,M023,67.73,4.77,1.76,6.2,OK
2026-08-11 12:00:00,M023,73.11,4.87,2.84,5.29,OK
2026-08-11 16:00:00,M023,70.42,5.29,3.0,6.4,OK
2026-08-11 20:00:00,M023,74.01,5.34,2.33,5.7,OK
2026-08-12 00:00:00,M023,76.84,4.86,2.54,3.78,OK
2026-08-12 04:00:00,M023,77.16,5.03,3.15,5.77,OK
2026-08-12 08:00:00,M023,74.57,4.94,2.61,5.47,OK
2026-08-12 12:00:00,M023,77.02,4.92,3.25,4.13,OK
2026-08-12 16:00:00,M023,75.88,4.33,1.94,7.32,OK
2026-08-12 20:00:00,M023,72.66,4.83,3.17,7.94,OK
2026-08-13 00:00:00,M023,79.77,6.42,2.24,4.15,WARNING
2026-08-13 04:00:00,M023,78.77,4.79,2.25,7.89,OK
2026-08-13 08:00:00,M023,70.01,4.55,2.54,4.36,OK
2026-08-13 12:00:00,M023,69.42,5.27,2.81,4.6,OK
2026-08-13 16:00:00,M023,78.3,5.17,2.46,6.38,OK
2026-08-13 20:00:00,M023,68.88,5.02,2.74,4.93,OK
2026-08-14 00:00:00,M023,66.89,4.64,2.08,5.24,OK
2026-08-14 04:00:00,M023,81.07,6.36,2.96,4.32,WARNING
2026-08-14 08:00:00,M023,80.88,4.99,2.79,4.6,OK
2026-08-14 12:00:00,M023,70.84,4.95,2.74,7.81,OK
2026-08-14 16:00:00,M023,66.68,4.37,2.11,6.57,OK
2026-08-14 20:00:00,M023,81.43,4.77,2.36,7.16,OK
2026-08-15 00:00:00,M023,67.47,5.19,2.64,4.48,OK
2026-08-15 04:00:00,M023,73.73,4.74,2.4,7.02,OK
2026-08-15 08:00:00,M023,79.17,5.32,1.93,5.13,OK
2026-08-15 12:00:00,M023,74.68,5.0,2.06,5.52,OK
2026-08-15 16:00:00,M023,71.07,4.67,2.85,4.23,OK
2026-08-15 20:00:00,M023,80.62,4.88,2.25,4.5,OK
2026-08-16 00:00:00,M023,72.92,4.85,2.57,5.61,OK
2026-08-16 04:00:00,M023,76.43,5.02,2.67,4.21,OK
2026-08-16 08:00:00,M023,74.54,4.82,1.63,4.82,OK
2026-08-16 12:00:00,M023,76.87,4.66,2.62,5.28,OK
2026-08-16 16:00:00,M023,69.83,5.04,1.96,4.62,OK
2026-08-16 20:00:00,M023,78.69,5.06,2.41,6.54,OK
2026-08-17 00:00:00,M023,76.5,4.83,1.8,3.1,OK
2026-08-17 04:00:00,M023,68.37,4.95,3.03,5.57,OK
2026-08-17 08:00:00,M023,80.52,4.87,2.52,4.96,OK
2026-08-17 12:00:00,M023,72.61,4.54,6.89,5.18,WARNING
2026-08-17 16:00:00,M023,65.88,4.63,2.26,6.71,OK
2026-08-17 20:00:00,M023,78.01,4.52,1.8,4.47,OK
2026-08-18 00:00:00,M023,77.46,4.94,2.47,3.48,OK
2026-08-18 04:00:00,M023,68.97,4.82,2.56,6.47,OK
2026-08-18 08:00:00,M023,77.83,4.8,2.46,6.13,OK
2026-08-18 12:00:00,M023,73.6,4.77,2.28,6.68,OK
2026-08-18 16:00:00,M023,74.44,4.99,2.87,7.04,OK
2026-08-18 20:00:00,M023,74.47,5.19,1.93,4.01,OK
2026-08-19 00:00:00,M023,79.44,4.86,2.39,7.06,OK
2026-08-19 04:00:00,M023,74.93,5.08,2.39,5.29,OK
2026-08-19 08:00:00,M023,74.74,5.18,2.78,4.16,OK
2026-08-19 12:00:00,M023,76.07,4.94,2.92,3.17,OK
2026-08-19 16:00:00,M023,76.52,4.91,1.99,5.9,OK
2026-08-19 20:00:00,M023,75.63,5.33,2.08,6.36,OK
2026-08-20 00:00:00,M023,76.78,4.94,2.39,5.96,OK
2026-08-20 04:00:00,M023,68.62,5.33,3.07,7.32,OK
2026-08-20 08:00:00,M023,79.13,4.91,2.3,5.85,OK
2026-08-20 12:00:00,M023,98.35,4.91,1.44,4.34,OK
2026-08-20 16:00:00,M023,76.02,5.09,2.16,5.1,OK
2026-08-20 20:00:00,M023,72.84,4.87,2.66,3.54,OK
2026-08-21 00:00:00,M023,76.07,6.58,2.86,4.43,WARNING
2026-08-21 04:00:00,M023,84.7,4.88,2.7,4.45,OK
2026-08-21 08:00:00,M023,65.4,5.45,2.91,4.07,OK
2026-08-21 12:00:00,M023,67.28,4.88,2.49,6.41,OK
2026-08-21 16:00:00,M023,77.0,4.77,3.24,5.37,OK
2026-08-21 20:00:00,M023,72.38,5.28,2.43,7.11,OK
2026-08-22 00:00:00,M023,71.44,4.85,5.78,4.11,OK
2026-08-22 04:00:00,M023,79.63,4.88,2.91,4.21,OK
2026-08-22 08:00:00,M023,84.02,4.97,2.28,5.44,OK
2026-08-22 12:00:00,M023,71.85,4.71,3.01,4.49,OK
2026-08-22 16:00:00,M023,78.9,4.98,2.79,6.64,OK
2026-08-22 20:00:00,M023,68.28,5.01,2.57,5.58,OK
2026-08-23 00:00:00,M023,80.56,4.98,2.71,3.71,OK
2026-08-23 04:00:00,M023,65.8,4.78,2.29,7.94,OK
2026-08-23 08:00:00,M023,68.56,5.05,2.23,5.66,OK
2026-08-23 12:00:00,M023,72.99,4.88,2.51,8.5,OK
2026-08-23 16:00:00,M023,73.17,4.85,2.23,3.83,OK
2026-08-23 20:00:00,M023,84.4,4.69,2.75,3.91,OK
2026-08-24 00:00:00,M023,83.52,4.94,1.64,5.46,OK
2026-08-24 04:00:00,M023,81.38,4.88,2.25,4.07,OK
2026-08-24 08:00:00,M023,69.12,5.05,2.25,5.86,OK
2026-08-24 12:00:00,M023,64.25,5.15,2.23,5.11,OK
2026-08-24 16:00:00,M023,76.47,4.77,2.49,5.91,OK
2026-08-24 20:00:00,M023,112.62,4.87,1.71,3.2,WARNING
2026-08-25 00:00:00,M023,96.16,4.57,2.18,4.68,OK
2026-08-25 04:00:00,M023,74.37,4.63,1.71,6.16,OK
2026-08-25 08:00:00,M023,75.14,4.33,2.87,6.9,OK
2026-08-25 12:00:00,M023,80.55,5.04,2.86,4.64,OK
2026-08-25 16:00:00,M023,72.02,5.5,2.73,2.83,OK
2026-08-25 20:00:00,M023,68.24,5.08,2.13,6.1,OK
2026-08-26 00:00:00,M023,76.2,4.92,2.5,5.52,OK
2026-08-26 04:00:00,M023,81.41,5.06,2.61,3.96,OK
2026-08-26 08:00:00,M023,78.93,5.31,2.07,3.87,OK
2026-08-26 12:00:00,M023,79.86,4.66,2.51,3.46,OK
2026-08-26 16:00:00,M023,78.98,4.89,2.96,5.93,OK
2026-08-26 20:00:00,M023,67.12,4.65,2.46,3.95,OK
2026-08-27 00:00:00,M023,78.62,4.99,2.58,7.92,OK
2026-08-27 04:00:00,M023,109.66,5.21,2.39,6.25,WARNING
2026-08-27 08:00:00,M023,78.23,4.46,2.31,6.64,OK
2026-08-27 12:00:00,M023,68.92,5.05,2.34,4.95,OK
2026-08-27 16:00:00,M023,78.89,4.91,2.15,6.21,OK
2026-08-27 20:00:00,M023,71.31,5.0,2.97,5.69,OK
2026-08-28 00:00:00,M023,69.3,4.67,2.58,5.17,OK
2026-08-28 04:00:00,M023,69.98,4.69,2.83,5.93,OK
2026-08-28 08:00:00,M023,70.05,4.59,2.57,5.58,OK
2026-08-28 12:00:00,M023,68.61,4.83,2.72,5.41,OK
2026-08-28 16:00:00,M023,72.91,4.88,3.14,5.16,OK
2026-08-28 20:00:00,M023,72.92,4.8,2.39,6.11,OK
2026-08-29 00:00:00,M023,73.44,6.36,2.28,5.06,WARNING
2026-08-29 04:00:00,M023,67.83,4.99,2.08,4.13,OK
2026-08-29 08:00:00,M023,71.44,4.91,2.98,7.75,OK
2026-08-29 12:00:00,M023,73.25,4.98,1.88,5.36,OK
2026-08-29 16:00:00,M023,65.12,4.94,3.05,5.15,OK
2026-08-29 20:00:00,M023,78.4,4.9,2.33,3.1,OK
2026-08-30 00:00:00,M023,81.84,4.46,1.85,5.69,OK
2026-08-30 04:00:00,M023,105.7,4.67,2.28,5.47,WARNING
2026-08-30 08:00:00,M023,78.51,4.92,2.47,5.13,OK
2026-08-30 12:00:00,M023,76.01,4.69,2.48,5.18,OK
2026-08-30 16:00:00,M023,78.36,4.78,3.06,5.6,OK
2026-08-30 20:00:00,M023,64.93,4.85,2.28,4.94,OK
2026-08-31 00:00:00,M023,82.21,6.77,2.58,6.64,WARNING
2026-08-31 04:00:00,M023,94.2,5.2,2.61,5.99,OK
2026-08-31 08:00:00,M023,105.8,4.66,2.71,6.15,WARNING
2026-08-31 12:00:00,M023,71.52,4.73,2.41,7.26,OK
2026-08-31 16:00:00,M023,71.71,4.69,2.55,4.79,OK
2026-08-31 20:00:00,M023,72.86,5.0,3.11,4.17,OK
2026-09-01 00:00:00,M023,73.22,4.54,2.0,6.39,OK
2026-09-01 04:00:00,M023,72.78,4.74,2.13,4.83,OK
2026-09-01 08:00:00,M023,72.55,5.06,2.68,4.76,OK
2026-09-01 12:00:00,M023,76.26,4.92,2.33,5.93,OK
2026-09-01 16:00:00,M023,81.87,4.49,2.07,4.86,OK
2026-09-01 20:00:00,M023,71.58,4.58,8.4,6.5,CRITICAL
2026-09-02 00:00:00,M023,77.18,5.5,2.04,7.32,OK
2026-09-02 04:00:00,M023,80.78,4.99,2.25,5.95,OK
2026-09-02 08:00:00,M023,73.18,4.94,2.49,4.82,OK
2026-09-02 12:00:00,M023,74.3,5.44,2.51,5.95,OK
2026-09-02 16:00:00,M023,68.2,4.75,2.81,5.72,OK
2026-09-02 20:00:00,M023,76.18,4.73,2.61,5.35,OK
2026-09-03 00:00:00,M023,77.12,5.05,3.08,3.83,OK
2026-09-03 04:00:00,M023,66.05,4.65,2.62,4.81,OK
2026-09-03 08:00:00,M023,73.48,4.54,2.67,2.91,OK
2026-09-03 12:00:00,M023,72.28,4.54,2.54,6.76,OK
2026-09-03 16:00:00,M023,70.03,4.7,2.83,3.72,OK
2026-09-03 20:00:00,M023,75.96,4.89,2.29,6.52,OK
2026-09-04 00:00:00,M023,75.56,5.01,2.75,5.3,OK
2026-09-04 04:00:00,M023,69.46,4.64,2.49,3.78,OK
2026-09-04 08:00:00,M023,75.77,5.07,2.23,6.46,OK
2026-09-04 12:00:00,M023,65.7,5.12,2.68,6.86,OK
2026-09-04 16:00:00,M023,78.99,4.78,2.71,6.23,OK
2026-09-04 20:00:00,M023,73.42,4.77,2.36,5.07,OK
2026-08-01 00:00:00,M024,95.3,4.6,2.29,8.89,OK
2026-08-01 04:00:00,M024,82.38,4.79,2.01,9.13,OK
2026-08-01 08:00:00,M024,86.25,4.72,2.14,8.38,OK
2026-08-01 12:00:00,M024,90.3,4.33,2.35,7.44,OK
2026-08-01 16:00:00,M024,85.93,4.49,2.48,7.04,OK
2026-08-01 20:00:00,M024,82.79,4.82,2.49,8.52,OK
2026-08-02 00:00:00,M024,122.02,4.98,2.56,8.18,CRITICAL
2026-08-02 04:00:00,M024,84.02,4.46,2.95,10.93,OK
2026-08-02 08:00:00,M024,79.82,4.22,3.01,8.6,OK
2026-08-02 12:00:00,M024,99.41,4.63,2.53,10.16,OK
2026-08-02 16:00:00,M024,83.85,4.22,2.37,8.65,OK
2026-08-02 20:00:00,M024,89.96,4.76,2.91,8.62,OK
2026-08-03 00:00:00,M024,76.91,5.03,2.55,9.45,OK
2026-08-03 04:00:00,M024,82.24,4.88,2.09,9.3,OK
2026-08-03 08:00:00,M024,81.77,4.67,2.54,8.93,OK
2026-08-03 12:00:00,M024,83.09,4.66,1.95,8.56,OK
2026-08-03 16:00:00,M024,79.79,4.5,2.5,10.02,OK
2026-08-03 20:00:00,M024,80.56,4.89,2.22,6.91,OK
2026-08-04 00:00:00,M024,85.21,4.38,1.58,6.39,OK
2026-08-04 04:00:00,M024,83.62,5.01,2.75,8.22,OK
2026-08-04 08:00:00,M024,79.9,4.39,2.45,6.82,OK
2026-08-04 12:00:00,M024,88.79,5.04,2.48,7.58,OK
2026-08-04 16:00:00,M024,83.36,4.8,3.01,8.92,OK
2026-08-04 20:00:00,M024,86.06,4.89,2.2,8.83,OK
2026-08-05 00:00:00,M024,81.66,5.21,2.06,8.14,OK
2026-08-05 04:00:00,M024,79.2,4.78,2.4,7.58,OK
2026-08-05 08:00:00,M024,76.51,5.19,2.2,8.02,OK
2026-08-05 12:00:00,M024,78.59,4.68,2.39,9.4,OK
2026-08-05 16:00:00,M024,79.57,4.48,2.09,7.21,OK
2026-08-05 20:00:00,M024,79.46,4.47,2.84,10.53,OK
2026-08-06 00:00:00,M024,94.5,4.7,1.85,9.91,OK
2026-08-06 04:00:00,M024,82.98,5.0,2.14,10.09,OK
2026-08-06 08:00:00,M024,78.86,4.83,,8.72,OK
2026-08-06 12:00:00,M024,84.1,4.4,2.84,7.52,OK
2026-08-06 16:00:00,M024,83.32,4.45,2.58,10.27,OK
2026-08-06 20:00:00,M024,85.72,4.27,1.91,6.63,OK
2026-08-07 00:00:00,M024,88.69,4.62,1.87,10.49,OK
2026-08-07 04:00:00,M024,84.92,4.72,2.54,9.42,OK
2026-08-07 08:00:00,M024,84.17,5.02,3.36,9.88,OK
2026-08-07 12:00:00,M024,96.68,4.34,2.64,5.51,OK
2026-08-07 16:00:00,M024,71.26,4.76,2.49,8.53,OK
2026-08-07 20:00:00,M024,80.6,4.96,2.37,6.54,OK
2026-08-08 00:00:00,M024,89.25,4.54,2.97,6.95,OK
2026-08-08 04:00:00,M024,94.06,5.08,2.35,9.31,OK
2026-08-08 08:00:00,M024,93.6,4.92,3.22,7.31,OK
2026-08-08 12:00:00,M024,84.03,4.96,2.72,6.94,OK
2026-08-08 16:00:00,M024,75.41,4.69,2.58,7.57,OK
2026-08-08 20:00:00,M024,84.7,4.81,2.4,7.07,OK
2026-08-09 00:00:00,M024,88.07,5.13,1.84,8.18,OK
2026-08-09 04:00:00,M024,83.25,5.26,2.13,9.28,OK
2026-08-09 08:00:00,M024,81.85,4.93,3.1,8.2,OK
2026-08-09 12:00:00,M024,77.9,5.1,2.38,8.95,OK
2026-08-09 16:00:00,M024,77.6,4.71,1.91,9.01,OK
2026-08-09 20:00:00,M024,84.66,4.45,7.61,8.86,WARNING
2026-08-10 00:00:00,M024,81.49,4.83,1.9,8.77,OK
2026-08-10 04:00:00,M024,74.72,4.46,1.97,8.0,OK
2026-08-10 08:00:00,M024,84.9,4.76,2.95,6.43,OK
2026-08-10 12:00:00,M024,87.15,4.94,3.03,6.96,OK
2026-08-10 16:00:00,M024,94.78,4.94,2.23,9.76,OK
2026-08-10 20:00:00,M024,86.13,4.61,2.46,9.67,OK
2026-08-11 00:00:00,M024,91.36,6.31,3.01,10.98,WARNING
2026-08-11 04:00:00,M024,82.62,4.62,1.96,8.73,OK
2026-08-11 08:00:00,M024,81.12,6.2,2.31,9.02,WARNING
2026-08-11 12:00:00,M024,78.72,5.08,2.23,9.46,OK
2026-08-11 16:00:00,M024,84.0,5.01,6.59,7.67,WARNING
2026-08-11 20:00:00,M024,87.9,4.96,2.97,9.75,OK
2026-08-12 00:00:00,M024,86.56,4.76,2.05,7.97,OK
2026-08-12 04:00:00,M024,88.08,4.63,2.59,10.5,OK
2026-08-12 08:00:00,M024,81.19,4.75,2.62,9.0,OK
2026-08-12 12:00:00,M024,83.7,4.92,1.78,9.89,OK
2026-08-12 16:00:00,M024,89.8,4.57,2.56,9.66,OK
2026-08-12 20:00:00,M024,78.24,4.41,2.21,7.28,OK
2026-08-13 00:00:00,M024,90.27,5.06,1.9,7.81,OK
2026-08-13 04:00:00,M024,82.18,4.78,1.67,9.24,OK
2026-08-13 08:00:00,M024,91.67,4.81,2.68,7.02,OK
2026-08-13 12:00:00,M024,78.96,4.73,1.77,7.77,OK
2026-08-13 16:00:00,M024,91.21,4.72,2.92,9.45,OK
2026-08-13 20:00:00,M024,85.29,4.51,2.36,9.47,OK
2026-08-14 00:00:00,M024,84.98,4.55,2.17,9.42,OK
2026-08-14 04:00:00,M024,82.92,5.01,2.41,8.27,OK
2026-08-14 08:00:00,M024,85.69,4.53,1.74,8.11,OK
2026-08-14 12:00:00,M024,84.31,4.63,2.65,8.4,OK
2026-08-14 16:00:00,M024,83.69,4.68,2.27,6.18,OK
2026-08-14 20:00:00,M024,84.82,5.11,2.61,9.7,OK
2026-08-15 00:00:00,M024,75.02,4.64,1.92,7.6,OK
2026-08-15 04:00:00,M024,86.21,4.62,3.37,8.97,OK
2026-08-15 08:00:00,M024,80.74,4.41,1.91,7.81,OK
2026-08-15 12:00:00,M024,83.57,4.84,2.65,9.09,OK
2026-08-15 16:00:00,M024,79.76,4.59,1.83,8.79,OK
2026-08-15 20:00:00,M024,89.88,6.77,1.99,7.99,WARNING
2026-08-16 00:00:00,M024,84.0,4.76,2.02,9.22,OK
2026-08-16 04:00:00,M024,90.76,5.2,2.49,8.18,OK
2026-08-16 08:00:00,M024,89.45,4.56,2.12,9.05,OK
2026-08-16 12:00:00,M024,76.85,4.77,3.16,7.89,OK
2026-08-16 16:00:00,M024,117.58,4.9,1.99,8.6,CRITICAL
2026-08-16 20:00:00,M024,80.54,4.29,2.67,8.78,OK
2026-08-17 00:00:00,M024,89.72,5.2,2.73,9.07,OK
2026-08-17 04:00:00,M024,80.52,5.25,1.99,5.8,OK
2026-08-17 08:00:00,M024,78.76,4.65,2.88,7.02,OK
2026-08-17 12:00:00,M024,85.82,4.76,2.61,10.82,OK
2026-08-17 16:00:00,M024,86.82,4.7,1.77,8.55,OK
2026-08-17 20:00:00,M024,81.7,4.85,3.35,7.64,OK
2026-08-18 00:00:00,M024,84.37,4.64,3.5,9.51,OK
2026-08-18 04:00:00,M024,84.9,4.71,2.3,7.15,OK
2026-08-18 08:00:00,M024,89.0,5.93,1.96,9.54,OK
2026-08-18 12:00:00,M024,88.39,4.86,2.72,8.28,OK
2026-08-18 16:00:00,M024,73.16,4.88,1.79,8.58,OK
2026-08-18 20:00:00,M024,91.48,5.05,2.32,9.92,OK
2026-08-19 00:00:00,M024,91.17,4.68,1.43,9.26,OK
2026-08-19 04:00:00,M024,82.93,5.44,3.07,9.45,OK
2026-08-19 08:00:00,M024,88.69,4.9,2.45,9.74,OK
2026-08-19 12:00:00,M024,80.29,4.13,2.58,9.49,OK
2026-08-19 16:00:00,M024,84.61,4.94,2.14,8.21,OK
2026-08-19 20:00:00,M024,85.48,4.34,2.2,8.8,OK
2026-08-20 00:00:00,M024,81.8,4.65,2.05,7.36,OK
2026-08-20 04:00:00,M024,80.06,4.81,2.4,8.53,OK
2026-08-20 08:00:00,M024,89.54,4.72,2.64,10.08,OK
2026-08-20 12:00:00,M024,89.81,4.89,2.47,6.64,OK
2026-08-20 16:00:00,M024,88.58,4.73,1.61,7.93,OK
2026-08-20 20:00:00,M024,87.5,4.42,1.8,8.29,OK
2026-08-21 00:00:00,M024,93.53,4.65,2.77,9.12,OK
2026-08-21 04:00:00,M024,77.13,4.55,7.93,8.87,WARNING
2026-08-21 08:00:00,M024,86.9,4.77,2.18,10.01,OK
2026-08-21 12:00:00,M024,81.8,4.9,2.59,9.87,OK
2026-08-21 16:00:00,M024,86.89,4.71,2.42,9.22,OK
2026-08-21 20:00:00,M024,86.15,4.56,2.94,7.28,OK
2026-08-22 00:00:00,M024,89.03,4.76,3.02,8.38,OK
2026-08-22 04:00:00,M024,79.95,4.76,2.38,9.66,OK
2026-08-22 08:00:00,M024,85.78,4.83,2.62,7.99,OK
2026-08-22 12:00:00,M024,81.44,4.72,2.14,7.65,OK
2026-08-22 16:00:00,M024,124.14,4.52,2.52,8.64,CRITICAL
2026-08-22 20:00:00,M024,84.96,4.72,1.73,11.04,OK
2026-08-23 00:00:00,M024,94.87,5.04,2.54,7.76,OK
2026-08-23 04:00:00,M024,87.92,4.92,2.65,7.99,OK
2026-08-23 08:00:00,M024,86.13,5.28,2.28,5.58,OK
2026-08-23 12:00:00,M024,78.49,4.99,2.71,9.02,OK
2026-08-23 16:00:00,M024,95.58,4.91,2.63,7.69,OK
2026-08-23 20:00:00,M024,76.82,4.99,2.63,6.69,OK
2026-08-24 00:00:00,M024,86.43,4.55,2.32,8.0,OK
2026-08-24 04:00:00,M024,86.23,4.82,2.26,8.67,OK
2026-08-24 08:00:00,M024,89.03,4.62,1.8,6.57,OK
2026-08-24 12:00:00,M024,85.35,4.84,1.99,10.42,OK
2026-08-24 16:00:00,M024,86.17,5.28,2.01,7.27,OK
2026-08-24 20:00:00,M024,79.41,4.75,3.03,8.43,OK
2026-08-25 00:00:00,M024,91.48,4.82,2.4,7.42,OK
2026-08-25 04:00:00,M024,85.58,5.15,2.69,8.56,OK
2026-08-25 08:00:00,M024,83.16,4.9,2.22,7.71,OK
2026-08-25 12:00:00,M024,81.31,4.48,1.91,9.78,OK
2026-08-25 16:00:00,M024,86.16,4.68,1.91,9.02,OK
2026-08-25 20:00:00,M024,83.55,4.99,7.27,5.72,WARNING
2026-08-26 00:00:00,M024,84.76,4.61,3.03,10.41,OK
2026-08-26 04:00:00,M024,87.63,4.79,2.09,8.94,OK
2026-08-26 08:00:00,M024,79.2,4.67,2.24,9.05,OK
2026-08-26 12:00:00,M024,83.67,4.62,1.69,8.59,OK
2026-08-26 16:00:00,M024,88.35,6.2,2.13,9.34,OK
2026-08-26 20:00:00,M024,87.83,4.22,2.3,9.83,OK
2026-08-27 00:00:00,M024,87.21,4.64,2.92,10.82,OK
2026-08-27 04:00:00,M024,87.92,4.59,2.21,9.99,OK
2026-08-27 08:00:00,M024,90.96,5.02,2.28,7.08,OK
2026-08-27 12:00:00,M024,78.6,5.07,1.95,8.17,OK
2026-08-27 16:00:00,M024,124.02,4.52,2.71,8.48,CRITICAL
2026-08-27 20:00:00,M024,80.55,4.89,1.64,10.62,OK
2026-08-28 00:00:00,M024,81.64,4.72,1.95,9.06,OK
2026-08-28 04:00:00,M024,80.59,4.73,1.74,9.27,OK
2026-08-28 08:00:00,M024,83.82,4.62,3.4,8.66,OK
2026-08-28 12:00:00,M024,83.99,4.87,2.76,8.48,OK
2026-08-28 16:00:00,M024,81.2,4.47,8.25,9.79,CRITICAL
2026-08-28 20:00:00,M024,80.61,4.63,2.79,9.59,OK
2026-08-29 00:00:00,M024,89.22,4.99,,7.72,OK
2026-08-29 04:00:00,M024,83.07,5.49,3.25,9.56,OK
2026-08-29 08:00:00,M024,92.1,4.63,2.22,8.71,OK
2026-08-29 12:00:00,M024,87.34,4.83,2.86,6.53,OK
2026-08-29 16:00:00,M024,80.61,5.01,2.18,8.09,OK
2026-08-29 20:00:00,M024,78.56,4.71,2.87,11.17,OK
2026-08-30 00:00:00,M024,84.12,4.56,2.7,9.46,OK
2026-08-30 04:00:00,M024,94.88,4.75,2.22,8.84,OK
2026-08-30 08:00:00,M024,89.98,4.97,2.78,8.84,OK
2026-08-30 12:00:00,M024,80.56,4.59,2.64,7.01,OK
2026-08-30 16:00:00,M024,79.15,4.75,2.71,7.8,OK
2026-08-30 20:00:00,M024,89.27,5.17,2.44,8.45,OK
2026-08-31 00:00:00,M024,87.69,4.98,1.91,8.3,OK
2026-08-31 04:00:00,M024,81.96,5.15,2.58,8.83,OK
2026-08-31 08:00:00,M024,80.44,5.01,2.5,9.46,OK
2026-08-31 12:00:00,M024,88.73,4.8,2.02,8.34,OK
2026-08-31 16:00:00,M024,82.31,4.82,2.35,10.56,OK
2026-08-31 20:00:00,M024,83.49,4.4,1.9,8.82,OK
2026-09-01 00:00:00,M024,85.08,4.67,2.32,8.9,OK
2026-09-01 04:00:00,M024,85.87,6.07,2.83,10.34,OK
2026-09-01 08:00:00,M024,86.87,4.2,2.7,9.94,OK
2026-09-01 12:00:00,M024,81.92,4.28,2.15,7.31,OK
2026-09-01 16:00:00,M024,82.01,4.95,3.51,8.97,OK
2026-09-01 20:00:00,M024,77.88,5.03,2.51,8.46,OK
2026-09-02 00:00:00,M024,85.38,4.72,1.77,8.33,OK
2026-09-02 04:00:00,M024,88.12,4.76,2.05,7.83,OK
2026-09-02 08:00:00,M024,76.28,4.78,1.82,7.16,OK
2026-09-02 12:00:00,M024,81.82,4.83,2.15,8.2,OK
2026-09-02 16:00:00,M024,84.72,4.69,3.09,8.49,OK
2026-09-02 20:00:00,M024,81.01,4.87,2.59,11.11,OK
2026-09-03 00:00:00,M024,81.16,4.45,2.0,9.44,OK
2026-09-03 04:00:00,M024,92.99,4.65,1.94,8.91,OK
2026-09-03 08:00:00,M024,84.8,4.95,1.21,9.78,OK
2026-09-03 12:00:00,M024,77.24,4.91,2.89,8.6,OK
2026-09-03 16:00:00,M024,83.1,4.67,2.51,7.72,OK
2026-09-03 20:00:00,M024,82.16,4.84,2.64,8.6,OK
2026-09-04 00:00:00,M024,87.59,4.75,2.09,6.59,OK
2026-09-04 04:00:00,M024,77.36,4.64,1.87,9.84,OK
2026-09-04 08:00:00,M024,88.56,4.87,2.63,8.67,OK
2026-09-04 12:00:00,M024,84.73,4.81,2.34,8.91,OK
2026-09-04 16:00:00,M024,95.44,4.75,2.52,8.91,OK
2026-09-04 20:00:00,M024,86.91,5.26,2.95,10.11,OK
